"date","ID_1","NAME_1","t2m"
"2022-01-01",1,"Ashanti",25.86
"2022-01-01",2,"Brong Ahafo",25.68
"2022-01-01",3,"Central",25.76
"2022-01-01",4,"Eastern",26.18
"2022-01-01",5,"Greater Accra",27.33
"2022-01-01",6,"Northern",23.79
"2022-01-01",7,"Upper East",24.13
"2022-01-01",8,"Upper West",23.21
"2022-01-01",9,"Volta",26.56
"2022-01-01",10,"Western",24.63
"2022-01-02",1,"Ashanti",26.42
"2022-01-02",2,"Brong Ahafo",26.02
"2022-01-02",3,"Central",25.6
"2022-01-02",4,"Eastern",26.26
"2022-01-02",5,"Greater Accra",27.19
"2022-01-02",6,"Northern",24.27
"2022-01-02",7,"Upper East",24.54
"2022-01-02",8,"Upper West",23.54
"2022-01-02",9,"Volta",26.84
"2022-01-02",10,"Western",24.83
"2022-01-03",1,"Ashanti",25.89
"2022-01-03",2,"Brong Ahafo",25.66
"2022-01-03",3,"Central",25.63
"2022-01-03",4,"Eastern",26.52
"2022-01-03",5,"Greater Accra",27.52
"2022-01-03",6,"Northern",25.1
"2022-01-03",7,"Upper East",25.71
"2022-01-03",8,"Upper West",24.9
"2022-01-03",9,"Volta",26.84
"2022-01-03",10,"Western",24.82
"2022-01-04",1,"Ashanti",25.77
"2022-01-04",2,"Brong Ahafo",25.54
"2022-01-04",3,"Central",25.9
"2022-01-04",4,"Eastern",26.77
"2022-01-04",5,"Greater Accra",27.5
"2022-01-04",6,"Northern",25.72
"2022-01-04",7,"Upper East",25.1
"2022-01-04",8,"Upper West",24.5
"2022-01-04",9,"Volta",26.35
"2022-01-04",10,"Western",25.27
"2022-01-05",1,"Ashanti",24.97
"2022-01-05",2,"Brong Ahafo",25.92
"2022-01-05",3,"Central",24.35
"2022-01-05",4,"Eastern",24.99
"2022-01-05",5,"Greater Accra",26.3
"2022-01-05",6,"Northern",25.79
"2022-01-05",7,"Upper East",23.94
"2022-01-05",8,"Upper West",23.27
"2022-01-05",9,"Volta",25.67
"2022-01-05",10,"Western",24.22
"2022-01-06",1,"Ashanti",26.32
"2022-01-06",2,"Brong Ahafo",25.31
"2022-01-06",3,"Central",25.29
"2022-01-06",4,"Eastern",26.16
"2022-01-06",5,"Greater Accra",26.78
"2022-01-06",6,"Northern",24.72
"2022-01-06",7,"Upper East",24.23
"2022-01-06",8,"Upper West",23.24
"2022-01-06",9,"Volta",26.79
"2022-01-06",10,"Western",24.47
"2022-01-07",1,"Ashanti",26.76
"2022-01-07",2,"Brong Ahafo",26.43
"2022-01-07",3,"Central",25.73
"2022-01-07",4,"Eastern",26.71
"2022-01-07",5,"Greater Accra",27.34
"2022-01-07",6,"Northern",25.33
"2022-01-07",7,"Upper East",24.17
"2022-01-07",8,"Upper West",23.36
"2022-01-07",9,"Volta",27.04
"2022-01-07",10,"Western",25.05
"2022-01-08",1,"Ashanti",26.22
"2022-01-08",2,"Brong Ahafo",25.51
"2022-01-08",3,"Central",25.45
"2022-01-08",4,"Eastern",26.5
"2022-01-08",5,"Greater Accra",27.42
"2022-01-08",6,"Northern",24.63
"2022-01-08",7,"Upper East",23.98
"2022-01-08",8,"Upper West",22.82
"2022-01-08",9,"Volta",26.79
"2022-01-08",10,"Western",24.58
"2022-01-09",1,"Ashanti",26.31
"2022-01-09",2,"Brong Ahafo",25.58
"2022-01-09",3,"Central",26.24
"2022-01-09",4,"Eastern",26.63
"2022-01-09",5,"Greater Accra",27.84
"2022-01-09",6,"Northern",25.38
"2022-01-09",7,"Upper East",24.36
"2022-01-09",8,"Upper West",23.32
"2022-01-09",9,"Volta",27.08
"2022-01-09",10,"Western",25.43
"2022-01-10",1,"Ashanti",25.43
"2022-01-10",2,"Brong Ahafo",25.23
"2022-01-10",3,"Central",25.77
"2022-01-10",4,"Eastern",26.16
"2022-01-10",5,"Greater Accra",27.59
"2022-01-10",6,"Northern",25.23
"2022-01-10",7,"Upper East",24.14
"2022-01-10",8,"Upper West",22.78
"2022-01-10",9,"Volta",27.15
"2022-01-10",10,"Western",24.32
"2022-01-11",1,"Ashanti",25.83
"2022-01-11",2,"Brong Ahafo",25.33
"2022-01-11",3,"Central",25.75
"2022-01-11",4,"Eastern",26.41
"2022-01-11",5,"Greater Accra",27.22
"2022-01-11",6,"Northern",25.48
"2022-01-11",7,"Upper East",24.96
"2022-01-11",8,"Upper West",24.07
"2022-01-11",9,"Volta",27.03
"2022-01-11",10,"Western",24.75
"2022-01-12",1,"Ashanti",26.49
"2022-01-12",2,"Brong Ahafo",26.45
"2022-01-12",3,"Central",26.23
"2022-01-12",4,"Eastern",26.76
"2022-01-12",5,"Greater Accra",27.77
"2022-01-12",6,"Northern",25.69
"2022-01-12",7,"Upper East",25.11
"2022-01-12",8,"Upper West",23.97
"2022-01-12",9,"Volta",26.99
"2022-01-12",10,"Western",25.23
"2022-01-13",1,"Ashanti",25.79
"2022-01-13",2,"Brong Ahafo",25.3
"2022-01-13",3,"Central",25.95
"2022-01-13",4,"Eastern",26.48
"2022-01-13",5,"Greater Accra",27.21
"2022-01-13",6,"Northern",23.42
"2022-01-13",7,"Upper East",24.28
"2022-01-13",8,"Upper West",22.57
"2022-01-13",9,"Volta",27.05
"2022-01-13",10,"Western",25.44
"2022-01-14",1,"Ashanti",26.31
"2022-01-14",2,"Brong Ahafo",25.65
"2022-01-14",3,"Central",26.12
"2022-01-14",4,"Eastern",26.18
"2022-01-14",5,"Greater Accra",26.82
"2022-01-14",6,"Northern",23.71
"2022-01-14",7,"Upper East",24.68
"2022-01-14",8,"Upper West",23.72
"2022-01-14",9,"Volta",26.2
"2022-01-14",10,"Western",26
"2022-01-15",1,"Ashanti",26.86
"2022-01-15",2,"Brong Ahafo",26.55
"2022-01-15",3,"Central",26.31
"2022-01-15",4,"Eastern",26.74
"2022-01-15",5,"Greater Accra",27.22
"2022-01-15",6,"Northern",26.49
"2022-01-15",7,"Upper East",25.53
"2022-01-15",8,"Upper West",25.8
"2022-01-15",9,"Volta",27.09
"2022-01-15",10,"Western",25.81
"2022-01-16",1,"Ashanti",25.29
"2022-01-16",2,"Brong Ahafo",25.56
"2022-01-16",3,"Central",25.84
"2022-01-16",4,"Eastern",25.81
"2022-01-16",5,"Greater Accra",26.81
"2022-01-16",6,"Northern",25.47
"2022-01-16",7,"Upper East",24.4
"2022-01-16",8,"Upper West",24.2
"2022-01-16",9,"Volta",26.76
"2022-01-16",10,"Western",25.34
"2022-01-17",1,"Ashanti",24.99
"2022-01-17",2,"Brong Ahafo",24.81
"2022-01-17",3,"Central",25.04
"2022-01-17",4,"Eastern",25.09
"2022-01-17",5,"Greater Accra",26.24
"2022-01-17",6,"Northern",24.58
"2022-01-17",7,"Upper East",24.62
"2022-01-17",8,"Upper West",24.89
"2022-01-17",9,"Volta",26.06
"2022-01-17",10,"Western",24.32
"2022-01-18",1,"Ashanti",25.9
"2022-01-18",2,"Brong Ahafo",25.31
"2022-01-18",3,"Central",25.43
"2022-01-18",4,"Eastern",26.08
"2022-01-18",5,"Greater Accra",26.56
"2022-01-18",6,"Northern",24.82
"2022-01-18",7,"Upper East",23.6
"2022-01-18",8,"Upper West",22.67
"2022-01-18",9,"Volta",26.6
"2022-01-18",10,"Western",25.22
"2022-01-19",1,"Ashanti",26.39
"2022-01-19",2,"Brong Ahafo",25.17
"2022-01-19",3,"Central",25.21
"2022-01-19",4,"Eastern",26.08
"2022-01-19",5,"Greater Accra",26.29
"2022-01-19",6,"Northern",23.88
"2022-01-19",7,"Upper East",22.29
"2022-01-19",8,"Upper West",21.92
"2022-01-19",9,"Volta",26.57
"2022-01-19",10,"Western",24.93
"2022-01-20",1,"Ashanti",25.23
"2022-01-20",2,"Brong Ahafo",24.66
"2022-01-20",3,"Central",25.5
"2022-01-20",4,"Eastern",26.35
"2022-01-20",5,"Greater Accra",27.1
"2022-01-20",6,"Northern",23.26
"2022-01-20",7,"Upper East",22.32
"2022-01-20",8,"Upper West",21.58
"2022-01-20",9,"Volta",26.48
"2022-01-20",10,"Western",24.34
"2022-01-21",1,"Ashanti",24.51
"2022-01-21",2,"Brong Ahafo",24.67
"2022-01-21",3,"Central",24.9
"2022-01-21",4,"Eastern",25.72
"2022-01-21",5,"Greater Accra",27.07
"2022-01-21",6,"Northern",23.43
"2022-01-21",7,"Upper East",22.29
"2022-01-21",8,"Upper West",21.61
"2022-01-21",9,"Volta",26.41
"2022-01-21",10,"Western",24.28
"2022-01-22",1,"Ashanti",24.2
"2022-01-22",2,"Brong Ahafo",24.52
"2022-01-22",3,"Central",24.18
"2022-01-22",4,"Eastern",24.39
"2022-01-22",5,"Greater Accra",25.76
"2022-01-22",6,"Northern",23.43
"2022-01-22",7,"Upper East",22.48
"2022-01-22",8,"Upper West",22.27
"2022-01-22",9,"Volta",25.17
"2022-01-22",10,"Western",23.54
"2022-01-23",1,"Ashanti",25.23
"2022-01-23",2,"Brong Ahafo",25.11
"2022-01-23",3,"Central",24.41
"2022-01-23",4,"Eastern",24.89
"2022-01-23",5,"Greater Accra",25.6
"2022-01-23",6,"Northern",24.66
"2022-01-23",7,"Upper East",23.32
"2022-01-23",8,"Upper West",22.82
"2022-01-23",9,"Volta",25.79
"2022-01-23",10,"Western",23.83
"2022-01-24",1,"Ashanti",24.53
"2022-01-24",2,"Brong Ahafo",24.39
"2022-01-24",3,"Central",24.08
"2022-01-24",4,"Eastern",24.86
"2022-01-24",5,"Greater Accra",25.2
"2022-01-24",6,"Northern",24.34
"2022-01-24",7,"Upper East",23.13
"2022-01-24",8,"Upper West",22.46
"2022-01-24",9,"Volta",25.84
"2022-01-24",10,"Western",23.5
"2022-01-25",1,"Ashanti",24.41
"2022-01-25",2,"Brong Ahafo",24.77
"2022-01-25",3,"Central",24.6
"2022-01-25",4,"Eastern",25.37
"2022-01-25",5,"Greater Accra",26.02
"2022-01-25",6,"Northern",24.65
"2022-01-25",7,"Upper East",23.53
"2022-01-25",8,"Upper West",22.64
"2022-01-25",9,"Volta",26.53
"2022-01-25",10,"Western",23.54
"2022-01-26",1,"Ashanti",24.97
"2022-01-26",2,"Brong Ahafo",24.87
"2022-01-26",3,"Central",24.63
"2022-01-26",4,"Eastern",25.83
"2022-01-26",5,"Greater Accra",25.61
"2022-01-26",6,"Northern",24.51
"2022-01-26",7,"Upper East",23.11
"2022-01-26",8,"Upper West",22.53
"2022-01-26",9,"Volta",26.02
"2022-01-26",10,"Western",23.46
"2022-01-27",1,"Ashanti",24.68
"2022-01-27",2,"Brong Ahafo",24.17
"2022-01-27",3,"Central",24.29
"2022-01-27",4,"Eastern",24.66
"2022-01-27",5,"Greater Accra",25.43
"2022-01-27",6,"Northern",23.59
"2022-01-27",7,"Upper East",23.12
"2022-01-27",8,"Upper West",21.64
"2022-01-27",9,"Volta",25.37
"2022-01-27",10,"Western",23.59
"2022-01-28",1,"Ashanti",26.31
"2022-01-28",2,"Brong Ahafo",26.37
"2022-01-28",3,"Central",25.36
"2022-01-28",4,"Eastern",25.94
"2022-01-28",5,"Greater Accra",26.67
"2022-01-28",6,"Northern",25.11
"2022-01-28",7,"Upper East",24.48
"2022-01-28",8,"Upper West",22.88
"2022-01-28",9,"Volta",26.38
"2022-01-28",10,"Western",24.87
"2022-01-29",1,"Ashanti",26.67
"2022-01-29",2,"Brong Ahafo",26.75
"2022-01-29",3,"Central",25.74
"2022-01-29",4,"Eastern",26.15
"2022-01-29",5,"Greater Accra",26.45
"2022-01-29",6,"Northern",25.99
"2022-01-29",7,"Upper East",25.07
"2022-01-29",8,"Upper West",23.69
"2022-01-29",9,"Volta",26.5
"2022-01-29",10,"Western",25.49
"2022-01-30",1,"Ashanti",26.83
"2022-01-30",2,"Brong Ahafo",26.8
"2022-01-30",3,"Central",26.08
"2022-01-30",4,"Eastern",26.25
"2022-01-30",5,"Greater Accra",26.71
"2022-01-30",6,"Northern",26.43
"2022-01-30",7,"Upper East",25.42
"2022-01-30",8,"Upper West",24.79
"2022-01-30",9,"Volta",26.69
"2022-01-30",10,"Western",26.12
"2022-01-31",1,"Ashanti",26.01
"2022-01-31",2,"Brong Ahafo",26.17
"2022-01-31",3,"Central",24.69
"2022-01-31",4,"Eastern",25.35
"2022-01-31",5,"Greater Accra",26.11
"2022-01-31",6,"Northern",26.13
"2022-01-31",7,"Upper East",24.85
"2022-01-31",8,"Upper West",24.3
"2022-01-31",9,"Volta",26.1
"2022-01-31",10,"Western",24.95
"2022-02-01",1,"Ashanti",24.86
"2022-02-01",2,"Brong Ahafo",24.77
"2022-02-01",3,"Central",24.62
"2022-02-01",4,"Eastern",24.7
"2022-02-01",5,"Greater Accra",25.5
"2022-02-01",6,"Northern",24.34
"2022-02-01",7,"Upper East",23.4
"2022-02-01",8,"Upper West",23.38
"2022-02-01",9,"Volta",25.58
"2022-02-01",10,"Western",24.56
"2022-02-02",1,"Ashanti",25.64
"2022-02-02",2,"Brong Ahafo",25.75
"2022-02-02",3,"Central",25.71
"2022-02-02",4,"Eastern",25.74
"2022-02-02",5,"Greater Accra",26.24
"2022-02-02",6,"Northern",24.46
"2022-02-02",7,"Upper East",23.07
"2022-02-02",8,"Upper West",23.06
"2022-02-02",9,"Volta",26.06
"2022-02-02",10,"Western",25.59
"2022-02-03",1,"Ashanti",25.64
"2022-02-03",2,"Brong Ahafo",24.81
"2022-02-03",3,"Central",26.42
"2022-02-03",4,"Eastern",26.23
"2022-02-03",5,"Greater Accra",27.13
"2022-02-03",6,"Northern",23.53
"2022-02-03",7,"Upper East",23.03
"2022-02-03",8,"Upper West",22.51
"2022-02-03",9,"Volta",26.43
"2022-02-03",10,"Western",25.46
"2022-02-04",1,"Ashanti",25.83
"2022-02-04",2,"Brong Ahafo",24.73
"2022-02-04",3,"Central",26.08
"2022-02-04",4,"Eastern",26.1
"2022-02-04",5,"Greater Accra",27.03
"2022-02-04",6,"Northern",23.58
"2022-02-04",7,"Upper East",23.1
"2022-02-04",8,"Upper West",22.41
"2022-02-04",9,"Volta",25.71
"2022-02-04",10,"Western",25.64
"2022-02-05",1,"Ashanti",26.96
"2022-02-05",2,"Brong Ahafo",26.33
"2022-02-05",3,"Central",26.12
"2022-02-05",4,"Eastern",26.99
"2022-02-05",5,"Greater Accra",27.43
"2022-02-05",6,"Northern",25.48
"2022-02-05",7,"Upper East",24.26
"2022-02-05",8,"Upper West",23.58
"2022-02-05",9,"Volta",27.08
"2022-02-05",10,"Western",26.07
"2022-02-06",1,"Ashanti",27.98
"2022-02-06",2,"Brong Ahafo",27.85
"2022-02-06",3,"Central",26.63
"2022-02-06",4,"Eastern",27.3
"2022-02-06",5,"Greater Accra",27.66
"2022-02-06",6,"Northern",26.14
"2022-02-06",7,"Upper East",24.47
"2022-02-06",8,"Upper West",23.06
"2022-02-06",9,"Volta",27.54
"2022-02-06",10,"Western",26.4
"2022-02-07",1,"Ashanti",27.5
"2022-02-07",2,"Brong Ahafo",27.61
"2022-02-07",3,"Central",26.19
"2022-02-07",4,"Eastern",26.96
"2022-02-07",5,"Greater Accra",27.3
"2022-02-07",6,"Northern",26.34
"2022-02-07",7,"Upper East",25.36
"2022-02-07",8,"Upper West",24.28
"2022-02-07",9,"Volta",27.65
"2022-02-07",10,"Western",25.9
"2022-02-08",1,"Ashanti",27.48
"2022-02-08",2,"Brong Ahafo",27.65
"2022-02-08",3,"Central",26.03
"2022-02-08",4,"Eastern",26.99
"2022-02-08",5,"Greater Accra",27.43
"2022-02-08",6,"Northern",25.6
"2022-02-08",7,"Upper East",25.44
"2022-02-08",8,"Upper West",24.56
"2022-02-08",9,"Volta",27.73
"2022-02-08",10,"Western",25.54
"2022-02-09",1,"Ashanti",27.3
"2022-02-09",2,"Brong Ahafo",27.56
"2022-02-09",3,"Central",26.41
"2022-02-09",4,"Eastern",26.85
"2022-02-09",5,"Greater Accra",27.44
"2022-02-09",6,"Northern",26.28
"2022-02-09",7,"Upper East",26.09
"2022-02-09",8,"Upper West",24.52
"2022-02-09",9,"Volta",27.53
"2022-02-09",10,"Western",26.03
"2022-02-10",1,"Ashanti",26.82
"2022-02-10",2,"Brong Ahafo",26.92
"2022-02-10",3,"Central",25.91
"2022-02-10",4,"Eastern",26.41
"2022-02-10",5,"Greater Accra",27.19
"2022-02-10",6,"Northern",26.22
"2022-02-10",7,"Upper East",26.24
"2022-02-10",8,"Upper West",24.26
"2022-02-10",9,"Volta",27.5
"2022-02-10",10,"Western",25.46
"2022-02-11",1,"Ashanti",27.57
"2022-02-11",2,"Brong Ahafo",27.15
"2022-02-11",3,"Central",26.51
"2022-02-11",4,"Eastern",26.92
"2022-02-11",5,"Greater Accra",27.39
"2022-02-11",6,"Northern",26.15
"2022-02-11",7,"Upper East",26.09
"2022-02-11",8,"Upper West",24.72
"2022-02-11",9,"Volta",27.49
"2022-02-11",10,"Western",26.36
"2022-02-12",1,"Ashanti",27.14
"2022-02-12",2,"Brong Ahafo",27.26
"2022-02-12",3,"Central",26.31
"2022-02-12",4,"Eastern",26.71
"2022-02-12",5,"Greater Accra",27.08
"2022-02-12",6,"Northern",25.95
"2022-02-12",7,"Upper East",25.19
"2022-02-12",8,"Upper West",24.89
"2022-02-12",9,"Volta",27.68
"2022-02-12",10,"Western",26.12
"2022-02-13",1,"Ashanti",27.09
"2022-02-13",2,"Brong Ahafo",28.07
"2022-02-13",3,"Central",25.97
"2022-02-13",4,"Eastern",27.03
"2022-02-13",5,"Greater Accra",27.15
"2022-02-13",6,"Northern",28.24
"2022-02-13",7,"Upper East",26.26
"2022-02-13",8,"Upper West",26.02
"2022-02-13",9,"Volta",27.63
"2022-02-13",10,"Western",25.61
"2022-02-14",1,"Ashanti",25.02
"2022-02-14",2,"Brong Ahafo",25.91
"2022-02-14",3,"Central",25.6
"2022-02-14",4,"Eastern",26.05
"2022-02-14",5,"Greater Accra",26.97
"2022-02-14",6,"Northern",28.91
"2022-02-14",7,"Upper East",28.25
"2022-02-14",8,"Upper West",26.81
"2022-02-14",9,"Volta",27.17
"2022-02-14",10,"Western",24.45
"2022-02-15",1,"Ashanti",24.73
"2022-02-15",2,"Brong Ahafo",26.95
"2022-02-15",3,"Central",24.73
"2022-02-15",4,"Eastern",26.18
"2022-02-15",5,"Greater Accra",26.93
"2022-02-15",6,"Northern",28.33
"2022-02-15",7,"Upper East",27.6
"2022-02-15",8,"Upper West",26.59
"2022-02-15",9,"Volta",27.77
"2022-02-15",10,"Western",23.9
"2022-02-16",1,"Ashanti",26.72
"2022-02-16",2,"Brong Ahafo",28.25
"2022-02-16",3,"Central",26.28
"2022-02-16",4,"Eastern",26.79
"2022-02-16",5,"Greater Accra",27.23
"2022-02-16",6,"Northern",27.2
"2022-02-16",7,"Upper East",27.45
"2022-02-16",8,"Upper West",26.41
"2022-02-16",9,"Volta",27.79
"2022-02-16",10,"Western",26.18
"2022-02-17",1,"Ashanti",27.02
"2022-02-17",2,"Brong Ahafo",28.24
"2022-02-17",3,"Central",26.25
"2022-02-17",4,"Eastern",26.82
"2022-02-17",5,"Greater Accra",26.95
"2022-02-17",6,"Northern",28.29
"2022-02-17",7,"Upper East",26.3
"2022-02-17",8,"Upper West",25.46
"2022-02-17",9,"Volta",27.91
"2022-02-17",10,"Western",25.91
"2022-02-18",1,"Ashanti",25.96
"2022-02-18",2,"Brong Ahafo",27.56
"2022-02-18",3,"Central",25.63
"2022-02-18",4,"Eastern",26.27
"2022-02-18",5,"Greater Accra",26.99
"2022-02-18",6,"Northern",27.5
"2022-02-18",7,"Upper East",26.78
"2022-02-18",8,"Upper West",27.76
"2022-02-18",9,"Volta",27.49
"2022-02-18",10,"Western",25.23
"2022-02-19",1,"Ashanti",25.36
"2022-02-19",2,"Brong Ahafo",27.77
"2022-02-19",3,"Central",25.17
"2022-02-19",4,"Eastern",26.16
"2022-02-19",5,"Greater Accra",26.61
"2022-02-19",6,"Northern",28.58
"2022-02-19",7,"Upper East",28.15
"2022-02-19",8,"Upper West",28.64
"2022-02-19",9,"Volta",27.75
"2022-02-19",10,"Western",25.2
"2022-02-20",1,"Ashanti",26.21
"2022-02-20",2,"Brong Ahafo",28.54
"2022-02-20",3,"Central",25.37
"2022-02-20",4,"Eastern",26.09
"2022-02-20",5,"Greater Accra",26.27
"2022-02-20",6,"Northern",29.93
"2022-02-20",7,"Upper East",28.46
"2022-02-20",8,"Upper West",29
"2022-02-20",9,"Volta",27.7
"2022-02-20",10,"Western",25.44
"2022-02-21",1,"Ashanti",25.79
"2022-02-21",2,"Brong Ahafo",28.34
"2022-02-21",3,"Central",25.31
"2022-02-21",4,"Eastern",26.06
"2022-02-21",5,"Greater Accra",26.5
"2022-02-21",6,"Northern",29.13
"2022-02-21",7,"Upper East",28.01
"2022-02-21",8,"Upper West",28.03
"2022-02-21",9,"Volta",27.61
"2022-02-21",10,"Western",24.78
"2022-02-22",1,"Ashanti",26.41
"2022-02-22",2,"Brong Ahafo",28.34
"2022-02-22",3,"Central",25.52
"2022-02-22",4,"Eastern",26.35
"2022-02-22",5,"Greater Accra",26.38
"2022-02-22",6,"Northern",27.88
"2022-02-22",7,"Upper East",26.61
"2022-02-22",8,"Upper West",25.8
"2022-02-22",9,"Volta",27.51
"2022-02-22",10,"Western",25.08
"2022-02-23",1,"Ashanti",26.97
"2022-02-23",2,"Brong Ahafo",28.17
"2022-02-23",3,"Central",25.97
"2022-02-23",4,"Eastern",26.75
"2022-02-23",5,"Greater Accra",26.56
"2022-02-23",6,"Northern",27.18
"2022-02-23",7,"Upper East",25.45
"2022-02-23",8,"Upper West",26.6
"2022-02-23",9,"Volta",27.51
"2022-02-23",10,"Western",25.64
"2022-02-24",1,"Ashanti",27.47
"2022-02-24",2,"Brong Ahafo",29.27
"2022-02-24",3,"Central",26.22
"2022-02-24",4,"Eastern",26.99
"2022-02-24",5,"Greater Accra",26.44
"2022-02-24",6,"Northern",28.55
"2022-02-24",7,"Upper East",27.87
"2022-02-24",8,"Upper West",26.1
"2022-02-24",9,"Volta",28.2
"2022-02-24",10,"Western",25.79
"2022-02-25",1,"Ashanti",26.8
"2022-02-25",2,"Brong Ahafo",28.47
"2022-02-25",3,"Central",25.34
"2022-02-25",4,"Eastern",26.42
"2022-02-25",5,"Greater Accra",25.87
"2022-02-25",6,"Northern",29.05
"2022-02-25",7,"Upper East",29.4
"2022-02-25",8,"Upper West",27.81
"2022-02-25",9,"Volta",27.73
"2022-02-25",10,"Western",25.13
"2022-02-26",1,"Ashanti",27.74
"2022-02-26",2,"Brong Ahafo",29.3
"2022-02-26",3,"Central",26.29
"2022-02-26",4,"Eastern",27.14
"2022-02-26",5,"Greater Accra",26.41
"2022-02-26",6,"Northern",29.11
"2022-02-26",7,"Upper East",27.31
"2022-02-26",8,"Upper West",27.99
"2022-02-26",9,"Volta",28.09
"2022-02-26",10,"Western",26.18
"2022-02-27",1,"Ashanti",27.04
"2022-02-27",2,"Brong Ahafo",28.96
"2022-02-27",3,"Central",25.98
"2022-02-27",4,"Eastern",26.75
"2022-02-27",5,"Greater Accra",26.4
"2022-02-27",6,"Northern",30.03
"2022-02-27",7,"Upper East",27.3
"2022-02-27",8,"Upper West",27.98
"2022-02-27",9,"Volta",28.19
"2022-02-27",10,"Western",25.56
"2022-02-28",1,"Ashanti",25.33
"2022-02-28",2,"Brong Ahafo",26.74
"2022-02-28",3,"Central",24.76
"2022-02-28",4,"Eastern",25.33
"2022-02-28",5,"Greater Accra",26.01
"2022-02-28",6,"Northern",29.77
"2022-02-28",7,"Upper East",30.21
"2022-02-28",8,"Upper West",30.41
"2022-02-28",9,"Volta",26.71
"2022-02-28",10,"Western",24.27
"2022-03-01",1,"Ashanti",26.9
"2022-03-01",2,"Brong Ahafo",27.73
"2022-03-01",3,"Central",25.92
"2022-03-01",4,"Eastern",26.99
"2022-03-01",5,"Greater Accra",26.83
"2022-03-01",6,"Northern",30.69
"2022-03-01",7,"Upper East",31.29
"2022-03-01",8,"Upper West",31.17
"2022-03-01",9,"Volta",27.84
"2022-03-01",10,"Western",25.35
"2022-03-02",1,"Ashanti",24.99
"2022-03-02",2,"Brong Ahafo",26.41
"2022-03-02",3,"Central",25.43
"2022-03-02",4,"Eastern",26.35
"2022-03-02",5,"Greater Accra",26.51
"2022-03-02",6,"Northern",28.88
"2022-03-02",7,"Upper East",29.89
"2022-03-02",8,"Upper West",27.6
"2022-03-02",9,"Volta",26.87
"2022-03-02",10,"Western",24.8
"2022-03-03",1,"Ashanti",25.79
"2022-03-03",2,"Brong Ahafo",26.79
"2022-03-03",3,"Central",25.28
"2022-03-03",4,"Eastern",26.09
"2022-03-03",5,"Greater Accra",27.14
"2022-03-03",6,"Northern",28.81
"2022-03-03",7,"Upper East",29.28
"2022-03-03",8,"Upper West",28.33
"2022-03-03",9,"Volta",27.77
"2022-03-03",10,"Western",24.34
"2022-03-04",1,"Ashanti",26.66
"2022-03-04",2,"Brong Ahafo",28.52
"2022-03-04",3,"Central",25.5
"2022-03-04",4,"Eastern",26.61
"2022-03-04",5,"Greater Accra",26.83
"2022-03-04",6,"Northern",30.07
"2022-03-04",7,"Upper East",29.16
"2022-03-04",8,"Upper West",28.88
"2022-03-04",9,"Volta",27.85
"2022-03-04",10,"Western",24.88
"2022-03-05",1,"Ashanti",25.46
"2022-03-05",2,"Brong Ahafo",27.72
"2022-03-05",3,"Central",24.95
"2022-03-05",4,"Eastern",24.99
"2022-03-05",5,"Greater Accra",26.54
"2022-03-05",6,"Northern",30.51
"2022-03-05",7,"Upper East",29.67
"2022-03-05",8,"Upper West",28.39
"2022-03-05",9,"Volta",26.9
"2022-03-05",10,"Western",24.98
"2022-03-06",1,"Ashanti",26.71
"2022-03-06",2,"Brong Ahafo",28.14
"2022-03-06",3,"Central",25.5
"2022-03-06",4,"Eastern",26.67
"2022-03-06",5,"Greater Accra",26.81
"2022-03-06",6,"Northern",30.7
"2022-03-06",7,"Upper East",30.62
"2022-03-06",8,"Upper West",30.26
"2022-03-06",9,"Volta",27.53
"2022-03-06",10,"Western",25.25
"2022-03-07",1,"Ashanti",26.97
"2022-03-07",2,"Brong Ahafo",27.64
"2022-03-07",3,"Central",25.57
"2022-03-07",4,"Eastern",26.68
"2022-03-07",5,"Greater Accra",26.88
"2022-03-07",6,"Northern",29.94
"2022-03-07",7,"Upper East",31.29
"2022-03-07",8,"Upper West",29.8
"2022-03-07",9,"Volta",27.84
"2022-03-07",10,"Western",25.28
"2022-03-08",1,"Ashanti",25.3
"2022-03-08",2,"Brong Ahafo",27.62
"2022-03-08",3,"Central",25.62
"2022-03-08",4,"Eastern",26.39
"2022-03-08",5,"Greater Accra",27.04
"2022-03-08",6,"Northern",30.72
"2022-03-08",7,"Upper East",31.4
"2022-03-08",8,"Upper West",31.15
"2022-03-08",9,"Volta",27.97
"2022-03-08",10,"Western",25.17
"2022-03-09",1,"Ashanti",26.98
"2022-03-09",2,"Brong Ahafo",28.72
"2022-03-09",3,"Central",26.3
"2022-03-09",4,"Eastern",26.93
"2022-03-09",5,"Greater Accra",27.58
"2022-03-09",6,"Northern",29.34
"2022-03-09",7,"Upper East",29.6
"2022-03-09",8,"Upper West",30.01
"2022-03-09",9,"Volta",28.17
"2022-03-09",10,"Western",26.02
"2022-03-10",1,"Ashanti",27
"2022-03-10",2,"Brong Ahafo",29.01
"2022-03-10",3,"Central",26.21
"2022-03-10",4,"Eastern",26.82
"2022-03-10",5,"Greater Accra",27.3
"2022-03-10",6,"Northern",29.77
"2022-03-10",7,"Upper East",29.91
"2022-03-10",8,"Upper West",30.02
"2022-03-10",9,"Volta",28.17
"2022-03-10",10,"Western",26.22
"2022-03-11",1,"Ashanti",27.84
"2022-03-11",2,"Brong Ahafo",30.03
"2022-03-11",3,"Central",26.75
"2022-03-11",4,"Eastern",27.29
"2022-03-11",5,"Greater Accra",27.64
"2022-03-11",6,"Northern",31.63
"2022-03-11",7,"Upper East",30.36
"2022-03-11",8,"Upper West",30.25
"2022-03-11",9,"Volta",28.53
"2022-03-11",10,"Western",26.63
"2022-03-12",1,"Ashanti",26.86
"2022-03-12",2,"Brong Ahafo",28.72
"2022-03-12",3,"Central",26.06
"2022-03-12",4,"Eastern",26.71
"2022-03-12",5,"Greater Accra",27.33
"2022-03-12",6,"Northern",31.3
"2022-03-12",7,"Upper East",31.28
"2022-03-12",8,"Upper West",29.03
"2022-03-12",9,"Volta",28.14
"2022-03-12",10,"Western",25.76
"2022-03-13",1,"Ashanti",26.3
"2022-03-13",2,"Brong Ahafo",27.78
"2022-03-13",3,"Central",25.82
"2022-03-13",4,"Eastern",26.4
"2022-03-13",5,"Greater Accra",27.16
"2022-03-13",6,"Northern",31.76
"2022-03-13",7,"Upper East",33.27
"2022-03-13",8,"Upper West",31.63
"2022-03-13",9,"Volta",27.9
"2022-03-13",10,"Western",25.38
"2022-03-14",1,"Ashanti",24.63
"2022-03-14",2,"Brong Ahafo",25.22
"2022-03-14",3,"Central",25.05
"2022-03-14",4,"Eastern",25.57
"2022-03-14",5,"Greater Accra",27.01
"2022-03-14",6,"Northern",26.26
"2022-03-14",7,"Upper East",29.23
"2022-03-14",8,"Upper West",29.99
"2022-03-14",9,"Volta",26.33
"2022-03-14",10,"Western",24.41
"2022-03-15",1,"Ashanti",26.11
"2022-03-15",2,"Brong Ahafo",27.63
"2022-03-15",3,"Central",26.31
"2022-03-15",4,"Eastern",26.58
"2022-03-15",5,"Greater Accra",27.67
"2022-03-15",6,"Northern",29.91
"2022-03-15",7,"Upper East",31.69
"2022-03-15",8,"Upper West",32.15
"2022-03-15",9,"Volta",27.71
"2022-03-15",10,"Western",25.72
"2022-03-16",1,"Ashanti",26.66
"2022-03-16",2,"Brong Ahafo",27.72
"2022-03-16",3,"Central",26.44
"2022-03-16",4,"Eastern",27.08
"2022-03-16",5,"Greater Accra",27.75
"2022-03-16",6,"Northern",30.62
"2022-03-16",7,"Upper East",33.06
"2022-03-16",8,"Upper West",32.04
"2022-03-16",9,"Volta",28.11
"2022-03-16",10,"Western",25.99
"2022-03-17",1,"Ashanti",27.16
"2022-03-17",2,"Brong Ahafo",28.1
"2022-03-17",3,"Central",26.33
"2022-03-17",4,"Eastern",26.68
"2022-03-17",5,"Greater Accra",27.37
"2022-03-17",6,"Northern",29.7
"2022-03-17",7,"Upper East",32.14
"2022-03-17",8,"Upper West",30.8
"2022-03-17",9,"Volta",27.43
"2022-03-17",10,"Western",25.97
"2022-03-18",1,"Ashanti",25.68
"2022-03-18",2,"Brong Ahafo",25.71
"2022-03-18",3,"Central",26.24
"2022-03-18",4,"Eastern",26.68
"2022-03-18",5,"Greater Accra",27.52
"2022-03-18",6,"Northern",27.31
"2022-03-18",7,"Upper East",29.51
"2022-03-18",8,"Upper West",28.05
"2022-03-18",9,"Volta",26.73
"2022-03-18",10,"Western",25.48
"2022-03-19",1,"Ashanti",26.59
"2022-03-19",2,"Brong Ahafo",28.39
"2022-03-19",3,"Central",26.33
"2022-03-19",4,"Eastern",26.93
"2022-03-19",5,"Greater Accra",27.63
"2022-03-19",6,"Northern",30.76
"2022-03-19",7,"Upper East",31.64
"2022-03-19",8,"Upper West",30.68
"2022-03-19",9,"Volta",28.38
"2022-03-19",10,"Western",25.7
"2022-03-20",1,"Ashanti",24.9
"2022-03-20",2,"Brong Ahafo",24.55
"2022-03-20",3,"Central",25.99
"2022-03-20",4,"Eastern",26.46
"2022-03-20",5,"Greater Accra",27.35
"2022-03-20",6,"Northern",27.49
"2022-03-20",7,"Upper East",31.45
"2022-03-20",8,"Upper West",29.75
"2022-03-20",9,"Volta",26.69
"2022-03-20",10,"Western",24.93
"2022-03-21",1,"Ashanti",26.69
"2022-03-21",2,"Brong Ahafo",27.87
"2022-03-21",3,"Central",25.8
"2022-03-21",4,"Eastern",27
"2022-03-21",5,"Greater Accra",27.36
"2022-03-21",6,"Northern",30.03
"2022-03-21",7,"Upper East",31.9
"2022-03-21",8,"Upper West",30.58
"2022-03-21",9,"Volta",28.07
"2022-03-21",10,"Western",25.15
"2022-03-22",1,"Ashanti",25.6
"2022-03-22",2,"Brong Ahafo",25.95
"2022-03-22",3,"Central",26.26
"2022-03-22",4,"Eastern",26.92
"2022-03-22",5,"Greater Accra",27.55
"2022-03-22",6,"Northern",28.39
"2022-03-22",7,"Upper East",28.74
"2022-03-22",8,"Upper West",28.92
"2022-03-22",9,"Volta",27.47
"2022-03-22",10,"Western",25.55
"2022-03-23",1,"Ashanti",27.07
"2022-03-23",2,"Brong Ahafo",28.18
"2022-03-23",3,"Central",26.98
"2022-03-23",4,"Eastern",27.36
"2022-03-23",5,"Greater Accra",27.98
"2022-03-23",6,"Northern",30.38
"2022-03-23",7,"Upper East",31.58
"2022-03-23",8,"Upper West",30.49
"2022-03-23",9,"Volta",28.03
"2022-03-23",10,"Western",26.27
"2022-03-24",1,"Ashanti",27.15
"2022-03-24",2,"Brong Ahafo",28.42
"2022-03-24",3,"Central",26.65
"2022-03-24",4,"Eastern",27.31
"2022-03-24",5,"Greater Accra",27.91
"2022-03-24",6,"Northern",30.84
"2022-03-24",7,"Upper East",32.57
"2022-03-24",8,"Upper West",31.44
"2022-03-24",9,"Volta",28.14
"2022-03-24",10,"Western",26.18
"2022-03-25",1,"Ashanti",26.87
"2022-03-25",2,"Brong Ahafo",27.86
"2022-03-25",3,"Central",26.02
"2022-03-25",4,"Eastern",26.82
"2022-03-25",5,"Greater Accra",27.54
"2022-03-25",6,"Northern",29.13
"2022-03-25",7,"Upper East",32.07
"2022-03-25",8,"Upper West",30.33
"2022-03-25",9,"Volta",27.36
"2022-03-25",10,"Western",25.36
"2022-03-26",1,"Ashanti",26.99
"2022-03-26",2,"Brong Ahafo",27.97
"2022-03-26",3,"Central",26.61
"2022-03-26",4,"Eastern",27.31
"2022-03-26",5,"Greater Accra",27.91
"2022-03-26",6,"Northern",29.31
"2022-03-26",7,"Upper East",29.06
"2022-03-26",8,"Upper West",28.22
"2022-03-26",9,"Volta",28.22
"2022-03-26",10,"Western",26.02
"2022-03-27",1,"Ashanti",23.41
"2022-03-27",2,"Brong Ahafo",25.39
"2022-03-27",3,"Central",24.43
"2022-03-27",4,"Eastern",24.77
"2022-03-27",5,"Greater Accra",26.27
"2022-03-27",6,"Northern",29.67
"2022-03-27",7,"Upper East",31.37
"2022-03-27",8,"Upper West",29.23
"2022-03-27",9,"Volta",26.3
"2022-03-27",10,"Western",23.42
"2022-03-28",1,"Ashanti",26.65
"2022-03-28",2,"Brong Ahafo",28.75
"2022-03-28",3,"Central",26.17
"2022-03-28",4,"Eastern",26.94
"2022-03-28",5,"Greater Accra",27.7
"2022-03-28",6,"Northern",31.1
"2022-03-28",7,"Upper East",30.99
"2022-03-28",8,"Upper West",31.25
"2022-03-28",9,"Volta",28.26
"2022-03-28",10,"Western",25.87
"2022-03-29",1,"Ashanti",27.55
"2022-03-29",2,"Brong Ahafo",29.54
"2022-03-29",3,"Central",26.71
"2022-03-29",4,"Eastern",27.49
"2022-03-29",5,"Greater Accra",28.06
"2022-03-29",6,"Northern",31.49
"2022-03-29",7,"Upper East",29.98
"2022-03-29",8,"Upper West",30.62
"2022-03-29",9,"Volta",29.2
"2022-03-29",10,"Western",26.16
"2022-03-30",1,"Ashanti",26.99
"2022-03-30",2,"Brong Ahafo",28.77
"2022-03-30",3,"Central",26.58
"2022-03-30",4,"Eastern",26.97
"2022-03-30",5,"Greater Accra",27.65
"2022-03-30",6,"Northern",31
"2022-03-30",7,"Upper East",29.25
"2022-03-30",8,"Upper West",28.73
"2022-03-30",9,"Volta",28.08
"2022-03-30",10,"Western",26.08
"2022-03-31",1,"Ashanti",26.63
"2022-03-31",2,"Brong Ahafo",28.35
"2022-03-31",3,"Central",25.94
"2022-03-31",4,"Eastern",26.65
"2022-03-31",5,"Greater Accra",27.66
"2022-03-31",6,"Northern",31.89
"2022-03-31",7,"Upper East",32.36
"2022-03-31",8,"Upper West",32.15
"2022-03-31",9,"Volta",28.04
"2022-03-31",10,"Western",25.28
"2022-04-01",1,"Ashanti",26.12
"2022-04-01",2,"Brong Ahafo",26.96
"2022-04-01",3,"Central",26.4
"2022-04-01",4,"Eastern",26.73
"2022-04-01",5,"Greater Accra",27.87
"2022-04-01",6,"Northern",30.7
"2022-04-01",7,"Upper East",33.05
"2022-04-01",8,"Upper West",32
"2022-04-01",9,"Volta",27.74
"2022-04-01",10,"Western",25.63
"2022-04-02",1,"Ashanti",26.96
"2022-04-02",2,"Brong Ahafo",28.2
"2022-04-02",3,"Central",26.7
"2022-04-02",4,"Eastern",26.82
"2022-04-02",5,"Greater Accra",27.66
"2022-04-02",6,"Northern",30.35
"2022-04-02",7,"Upper East",32.99
"2022-04-02",8,"Upper West",31.73
"2022-04-02",9,"Volta",27.74
"2022-04-02",10,"Western",26.56
"2022-04-03",1,"Ashanti",25.91
"2022-04-03",2,"Brong Ahafo",26.63
"2022-04-03",3,"Central",26.32
"2022-04-03",4,"Eastern",26.71
"2022-04-03",5,"Greater Accra",27.57
"2022-04-03",6,"Northern",26.05
"2022-04-03",7,"Upper East",28.88
"2022-04-03",8,"Upper West",28.72
"2022-04-03",9,"Volta",26.36
"2022-04-03",10,"Western",25.63
"2022-04-04",1,"Ashanti",26.19
"2022-04-04",2,"Brong Ahafo",26.23
"2022-04-04",3,"Central",26.56
"2022-04-04",4,"Eastern",26.49
"2022-04-04",5,"Greater Accra",27.54
"2022-04-04",6,"Northern",27.95
"2022-04-04",7,"Upper East",30.18
"2022-04-04",8,"Upper West",29.37
"2022-04-04",9,"Volta",26.99
"2022-04-04",10,"Western",25.96
"2022-04-05",1,"Ashanti",26.89
"2022-04-05",2,"Brong Ahafo",27.85
"2022-04-05",3,"Central",26.49
"2022-04-05",4,"Eastern",26.85
"2022-04-05",5,"Greater Accra",27.74
"2022-04-05",6,"Northern",29.46
"2022-04-05",7,"Upper East",31.65
"2022-04-05",8,"Upper West",30.02
"2022-04-05",9,"Volta",27.74
"2022-04-05",10,"Western",25.99
"2022-04-06",1,"Ashanti",27.61
"2022-04-06",2,"Brong Ahafo",28.7
"2022-04-06",3,"Central",27.03
"2022-04-06",4,"Eastern",27.19
"2022-04-06",5,"Greater Accra",27.79
"2022-04-06",6,"Northern",29.07
"2022-04-06",7,"Upper East",30.65
"2022-04-06",8,"Upper West",29.71
"2022-04-06",9,"Volta",27.21
"2022-04-06",10,"Western",26.6
"2022-04-07",1,"Ashanti",24.77
"2022-04-07",2,"Brong Ahafo",26.01
"2022-04-07",3,"Central",24.28
"2022-04-07",4,"Eastern",24.71
"2022-04-07",5,"Greater Accra",25.93
"2022-04-07",6,"Northern",27.94
"2022-04-07",7,"Upper East",29.22
"2022-04-07",8,"Upper West",28.17
"2022-04-07",9,"Volta",25.75
"2022-04-07",10,"Western",24.19
"2022-04-08",1,"Ashanti",26.89
"2022-04-08",2,"Brong Ahafo",27.87
"2022-04-08",3,"Central",26.49
"2022-04-08",4,"Eastern",26.58
"2022-04-08",5,"Greater Accra",27.29
"2022-04-08",6,"Northern",27.66
"2022-04-08",7,"Upper East",28.08
"2022-04-08",8,"Upper West",26.9
"2022-04-08",9,"Volta",27.3
"2022-04-08",10,"Western",26.41
"2022-04-09",1,"Ashanti",24.75
"2022-04-09",2,"Brong Ahafo",26.86
"2022-04-09",3,"Central",24.01
"2022-04-09",4,"Eastern",24.9
"2022-04-09",5,"Greater Accra",25.93
"2022-04-09",6,"Northern",28.9
"2022-04-09",7,"Upper East",30.3
"2022-04-09",8,"Upper West",29.39
"2022-04-09",9,"Volta",26.38
"2022-04-09",10,"Western",23.83
"2022-04-10",1,"Ashanti",26.16
"2022-04-10",2,"Brong Ahafo",27.76
"2022-04-10",3,"Central",25.57
"2022-04-10",4,"Eastern",25.4
"2022-04-10",5,"Greater Accra",26.37
"2022-04-10",6,"Northern",30.12
"2022-04-10",7,"Upper East",32.08
"2022-04-10",8,"Upper West",32.03
"2022-04-10",9,"Volta",26.65
"2022-04-10",10,"Western",25.21
"2022-04-11",1,"Ashanti",27.32
"2022-04-11",2,"Brong Ahafo",28.71
"2022-04-11",3,"Central",26.28
"2022-04-11",4,"Eastern",26.76
"2022-04-11",5,"Greater Accra",27.69
"2022-04-11",6,"Northern",29.56
"2022-04-11",7,"Upper East",30.02
"2022-04-11",8,"Upper West",29.41
"2022-04-11",9,"Volta",27.96
"2022-04-11",10,"Western",26.13
"2022-04-12",1,"Ashanti",25.98
"2022-04-12",2,"Brong Ahafo",26.34
"2022-04-12",3,"Central",26.41
"2022-04-12",4,"Eastern",26.46
"2022-04-12",5,"Greater Accra",27.84
"2022-04-12",6,"Northern",25.85
"2022-04-12",7,"Upper East",27.52
"2022-04-12",8,"Upper West",28.15
"2022-04-12",9,"Volta",26.36
"2022-04-12",10,"Western",25.46
"2022-04-13",1,"Ashanti",24.21
"2022-04-13",2,"Brong Ahafo",25.43
"2022-04-13",3,"Central",24.23
"2022-04-13",4,"Eastern",24.05
"2022-04-13",5,"Greater Accra",25.59
"2022-04-13",6,"Northern",27.25
"2022-04-13",7,"Upper East",29.34
"2022-04-13",8,"Upper West",28.2
"2022-04-13",9,"Volta",25.13
"2022-04-13",10,"Western",23.83
"2022-04-14",1,"Ashanti",26.35
"2022-04-14",2,"Brong Ahafo",27.18
"2022-04-14",3,"Central",26.05
"2022-04-14",4,"Eastern",25.84
"2022-04-14",5,"Greater Accra",26.68
"2022-04-14",6,"Northern",28.77
"2022-04-14",7,"Upper East",30.79
"2022-04-14",8,"Upper West",29.9
"2022-04-14",9,"Volta",26.51
"2022-04-14",10,"Western",25.96
"2022-04-15",1,"Ashanti",23.69
"2022-04-15",2,"Brong Ahafo",24.83
"2022-04-15",3,"Central",24.34
"2022-04-15",4,"Eastern",24
"2022-04-15",5,"Greater Accra",25.86
"2022-04-15",6,"Northern",28
"2022-04-15",7,"Upper East",31.29
"2022-04-15",8,"Upper West",30.25
"2022-04-15",9,"Volta",25.66
"2022-04-15",10,"Western",24.01
"2022-04-16",1,"Ashanti",26.04
"2022-04-16",2,"Brong Ahafo",26.76
"2022-04-16",3,"Central",25.66
"2022-04-16",4,"Eastern",26.43
"2022-04-16",5,"Greater Accra",27.2
"2022-04-16",6,"Northern",27.3
"2022-04-16",7,"Upper East",26.92
"2022-04-16",8,"Upper West",28.14
"2022-04-16",9,"Volta",26.71
"2022-04-16",10,"Western",24.91
"2022-04-17",1,"Ashanti",24.15
"2022-04-17",2,"Brong Ahafo",24.73
"2022-04-17",3,"Central",24.46
"2022-04-17",4,"Eastern",24.93
"2022-04-17",5,"Greater Accra",25.81
"2022-04-17",6,"Northern",25.56
"2022-04-17",7,"Upper East",24.88
"2022-04-17",8,"Upper West",24.38
"2022-04-17",9,"Volta",26.28
"2022-04-17",10,"Western",23.79
"2022-04-18",1,"Ashanti",24.26
"2022-04-18",2,"Brong Ahafo",25.71
"2022-04-18",3,"Central",25.65
"2022-04-18",4,"Eastern",25.5
"2022-04-18",5,"Greater Accra",27.09
"2022-04-18",6,"Northern",28
"2022-04-18",7,"Upper East",30.41
"2022-04-18",8,"Upper West",28.34
"2022-04-18",9,"Volta",26.39
"2022-04-18",10,"Western",24.74
"2022-04-19",1,"Ashanti",24.68
"2022-04-19",2,"Brong Ahafo",26.32
"2022-04-19",3,"Central",24.05
"2022-04-19",4,"Eastern",24.75
"2022-04-19",5,"Greater Accra",25.45
"2022-04-19",6,"Northern",28.4
"2022-04-19",7,"Upper East",29.62
"2022-04-19",8,"Upper West",28.35
"2022-04-19",9,"Volta",26.07
"2022-04-19",10,"Western",23.73
"2022-04-20",1,"Ashanti",25.98
"2022-04-20",2,"Brong Ahafo",27.19
"2022-04-20",3,"Central",25.75
"2022-04-20",4,"Eastern",26.05
"2022-04-20",5,"Greater Accra",26.95
"2022-04-20",6,"Northern",29.05
"2022-04-20",7,"Upper East",31.75
"2022-04-20",8,"Upper West",30.34
"2022-04-20",9,"Volta",26.64
"2022-04-20",10,"Western",25.32
"2022-04-21",1,"Ashanti",26.15
"2022-04-21",2,"Brong Ahafo",26.59
"2022-04-21",3,"Central",26.23
"2022-04-21",4,"Eastern",26.46
"2022-04-21",5,"Greater Accra",27.47
"2022-04-21",6,"Northern",27.84
"2022-04-21",7,"Upper East",29.36
"2022-04-21",8,"Upper West",29.13
"2022-04-21",9,"Volta",26.99
"2022-04-21",10,"Western",25.74
"2022-04-22",1,"Ashanti",23.86
"2022-04-22",2,"Brong Ahafo",24.27
"2022-04-22",3,"Central",24.32
"2022-04-22",4,"Eastern",24.86
"2022-04-22",5,"Greater Accra",26.14
"2022-04-22",6,"Northern",25.87
"2022-04-22",7,"Upper East",27.46
"2022-04-22",8,"Upper West",27
"2022-04-22",9,"Volta",25.78
"2022-04-22",10,"Western",23.3
"2022-04-23",1,"Ashanti",26.4
"2022-04-23",2,"Brong Ahafo",27.42
"2022-04-23",3,"Central",25.87
"2022-04-23",4,"Eastern",26.31
"2022-04-23",5,"Greater Accra",26.92
"2022-04-23",6,"Northern",29.07
"2022-04-23",7,"Upper East",30.3
"2022-04-23",8,"Upper West",29.73
"2022-04-23",9,"Volta",26.9
"2022-04-23",10,"Western",25.55
"2022-04-24",1,"Ashanti",26.85
"2022-04-24",2,"Brong Ahafo",27.8
"2022-04-24",3,"Central",26.43
"2022-04-24",4,"Eastern",26.79
"2022-04-24",5,"Greater Accra",27.36
"2022-04-24",6,"Northern",29.65
"2022-04-24",7,"Upper East",31.08
"2022-04-24",8,"Upper West",29.68
"2022-04-24",9,"Volta",27.39
"2022-04-24",10,"Western",25.94
"2022-04-25",1,"Ashanti",24.2
"2022-04-25",2,"Brong Ahafo",25.73
"2022-04-25",3,"Central",24.11
"2022-04-25",4,"Eastern",24.46
"2022-04-25",5,"Greater Accra",25.73
"2022-04-25",6,"Northern",28.42
"2022-04-25",7,"Upper East",30.76
"2022-04-25",8,"Upper West",29.44
"2022-04-25",9,"Volta",25.37
"2022-04-25",10,"Western",23.5
"2022-04-26",1,"Ashanti",26
"2022-04-26",2,"Brong Ahafo",27.4
"2022-04-26",3,"Central",25.72
"2022-04-26",4,"Eastern",25.92
"2022-04-26",5,"Greater Accra",26.85
"2022-04-26",6,"Northern",29.6
"2022-04-26",7,"Upper East",31.2
"2022-04-26",8,"Upper West",29.62
"2022-04-26",9,"Volta",26.95
"2022-04-26",10,"Western",25.21
"2022-04-27",1,"Ashanti",26.51
"2022-04-27",2,"Brong Ahafo",28.14
"2022-04-27",3,"Central",26.42
"2022-04-27",4,"Eastern",26.32
"2022-04-27",5,"Greater Accra",27.28
"2022-04-27",6,"Northern",30.39
"2022-04-27",7,"Upper East",31.81
"2022-04-27",8,"Upper West",31.19
"2022-04-27",9,"Volta",27.13
"2022-04-27",10,"Western",26.14
"2022-04-28",1,"Ashanti",25.61
"2022-04-28",2,"Brong Ahafo",26.51
"2022-04-28",3,"Central",25.73
"2022-04-28",4,"Eastern",25.46
"2022-04-28",5,"Greater Accra",26.77
"2022-04-28",6,"Northern",27.34
"2022-04-28",7,"Upper East",28.76
"2022-04-28",8,"Upper West",27.69
"2022-04-28",9,"Volta",25.88
"2022-04-28",10,"Western",25.02
"2022-04-29",1,"Ashanti",23.8
"2022-04-29",2,"Brong Ahafo",23.97
"2022-04-29",3,"Central",24.17
"2022-04-29",4,"Eastern",24.33
"2022-04-29",5,"Greater Accra",26.25
"2022-04-29",6,"Northern",25.22
"2022-04-29",7,"Upper East",26.7
"2022-04-29",8,"Upper West",24.1
"2022-04-29",9,"Volta",25.46
"2022-04-29",10,"Western",23.38
"2022-04-30",1,"Ashanti",24.41
"2022-04-30",2,"Brong Ahafo",25.39
"2022-04-30",3,"Central",25.66
"2022-04-30",4,"Eastern",25.24
"2022-04-30",5,"Greater Accra",26.38
"2022-04-30",6,"Northern",26.56
"2022-04-30",7,"Upper East",27.58
"2022-04-30",8,"Upper West",27.67
"2022-04-30",9,"Volta",24.76
"2022-04-30",10,"Western",25.19
"2022-05-01",1,"Ashanti",25.56
"2022-05-01",2,"Brong Ahafo",25.72
"2022-05-01",3,"Central",25.67
"2022-05-01",4,"Eastern",25.84
"2022-05-01",5,"Greater Accra",26.95
"2022-05-01",6,"Northern",28.24
"2022-05-01",7,"Upper East",30.1
"2022-05-01",8,"Upper West",28.62
"2022-05-01",9,"Volta",26.43
"2022-05-01",10,"Western",24.88
"2022-05-02",1,"Ashanti",25.49
"2022-05-02",2,"Brong Ahafo",26.07
"2022-05-02",3,"Central",25.95
"2022-05-02",4,"Eastern",25.7
"2022-05-02",5,"Greater Accra",27.14
"2022-05-02",6,"Northern",27.69
"2022-05-02",7,"Upper East",29.48
"2022-05-02",8,"Upper West",28.39
"2022-05-02",9,"Volta",26.23
"2022-05-02",10,"Western",25.46
"2022-05-03",1,"Ashanti",25.96
"2022-05-03",2,"Brong Ahafo",26.38
"2022-05-03",3,"Central",26.16
"2022-05-03",4,"Eastern",25.91
"2022-05-03",5,"Greater Accra",27.24
"2022-05-03",6,"Northern",27.56
"2022-05-03",7,"Upper East",29.07
"2022-05-03",8,"Upper West",28.53
"2022-05-03",9,"Volta",26.21
"2022-05-03",10,"Western",25.52
"2022-05-04",1,"Ashanti",25.67
"2022-05-04",2,"Brong Ahafo",26.25
"2022-05-04",3,"Central",25.41
"2022-05-04",4,"Eastern",26.08
"2022-05-04",5,"Greater Accra",27.32
"2022-05-04",6,"Northern",28
"2022-05-04",7,"Upper East",31.24
"2022-05-04",8,"Upper West",29.91
"2022-05-04",9,"Volta",27.17
"2022-05-04",10,"Western",24.86
"2022-05-05",1,"Ashanti",23.5
"2022-05-05",2,"Brong Ahafo",24.04
"2022-05-05",3,"Central",23.91
"2022-05-05",4,"Eastern",23.23
"2022-05-05",5,"Greater Accra",24.8
"2022-05-05",6,"Northern",25.63
"2022-05-05",7,"Upper East",28.19
"2022-05-05",8,"Upper West",26.96
"2022-05-05",9,"Volta",23.7
"2022-05-05",10,"Western",24.14
"2022-05-06",1,"Ashanti",26.1
"2022-05-06",2,"Brong Ahafo",26.58
"2022-05-06",3,"Central",26.35
"2022-05-06",4,"Eastern",26.46
"2022-05-06",5,"Greater Accra",27.58
"2022-05-06",6,"Northern",26.97
"2022-05-06",7,"Upper East",28.71
"2022-05-06",8,"Upper West",28.4
"2022-05-06",9,"Volta",26.92
"2022-05-06",10,"Western",25.66
"2022-05-07",1,"Ashanti",23.72
"2022-05-07",2,"Brong Ahafo",25.54
"2022-05-07",3,"Central",23.41
"2022-05-07",4,"Eastern",23.71
"2022-05-07",5,"Greater Accra",24.93
"2022-05-07",6,"Northern",27.87
"2022-05-07",7,"Upper East",29.2
"2022-05-07",8,"Upper West",29.32
"2022-05-07",9,"Volta",25.09
"2022-05-07",10,"Western",23.18
"2022-05-08",1,"Ashanti",26.07
"2022-05-08",2,"Brong Ahafo",26.69
"2022-05-08",3,"Central",25.76
"2022-05-08",4,"Eastern",25.73
"2022-05-08",5,"Greater Accra",27.11
"2022-05-08",6,"Northern",27.67
"2022-05-08",7,"Upper East",29.66
"2022-05-08",8,"Upper West",28.42
"2022-05-08",9,"Volta",26.36
"2022-05-08",10,"Western",25.26
"2022-05-09",1,"Ashanti",26.41
"2022-05-09",2,"Brong Ahafo",27.88
"2022-05-09",3,"Central",26.43
"2022-05-09",4,"Eastern",26.47
"2022-05-09",5,"Greater Accra",27.56
"2022-05-09",6,"Northern",29.48
"2022-05-09",7,"Upper East",30.88
"2022-05-09",8,"Upper West",29.89
"2022-05-09",9,"Volta",27.37
"2022-05-09",10,"Western",25.96
"2022-05-10",1,"Ashanti",23.93
"2022-05-10",2,"Brong Ahafo",24.18
"2022-05-10",3,"Central",24.46
"2022-05-10",4,"Eastern",25.01
"2022-05-10",5,"Greater Accra",26.35
"2022-05-10",6,"Northern",25.46
"2022-05-10",7,"Upper East",25.86
"2022-05-10",8,"Upper West",24.82
"2022-05-10",9,"Volta",25.81
"2022-05-10",10,"Western",23.67
"2022-05-11",1,"Ashanti",26.42
"2022-05-11",2,"Brong Ahafo",26.74
"2022-05-11",3,"Central",26.41
"2022-05-11",4,"Eastern",26.55
"2022-05-11",5,"Greater Accra",27.44
"2022-05-11",6,"Northern",28.04
"2022-05-11",7,"Upper East",29.95
"2022-05-11",8,"Upper West",29.19
"2022-05-11",9,"Volta",27.39
"2022-05-11",10,"Western",25.9
"2022-05-12",1,"Ashanti",25.9
"2022-05-12",2,"Brong Ahafo",26.53
"2022-05-12",3,"Central",25.67
"2022-05-12",4,"Eastern",26.49
"2022-05-12",5,"Greater Accra",27.33
"2022-05-12",6,"Northern",28.49
"2022-05-12",7,"Upper East",31.03
"2022-05-12",8,"Upper West",29.6
"2022-05-12",9,"Volta",27.42
"2022-05-12",10,"Western",25.32
"2022-05-13",1,"Ashanti",24.59
"2022-05-13",2,"Brong Ahafo",25.38
"2022-05-13",3,"Central",24.87
"2022-05-13",4,"Eastern",25.13
"2022-05-13",5,"Greater Accra",26.64
"2022-05-13",6,"Northern",27.69
"2022-05-13",7,"Upper East",30.4
"2022-05-13",8,"Upper West",28.65
"2022-05-13",9,"Volta",26.68
"2022-05-13",10,"Western",24.29
"2022-05-14",1,"Ashanti",25.32
"2022-05-14",2,"Brong Ahafo",25.63
"2022-05-14",3,"Central",26.08
"2022-05-14",4,"Eastern",26.16
"2022-05-14",5,"Greater Accra",27.59
"2022-05-14",6,"Northern",26.28
"2022-05-14",7,"Upper East",27.94
"2022-05-14",8,"Upper West",27.02
"2022-05-14",9,"Volta",26.29
"2022-05-14",10,"Western",25.45
"2022-05-15",1,"Ashanti",25.73
"2022-05-15",2,"Brong Ahafo",26.77
"2022-05-15",3,"Central",25.99
"2022-05-15",4,"Eastern",25.8
"2022-05-15",5,"Greater Accra",26.81
"2022-05-15",6,"Northern",28.29
"2022-05-15",7,"Upper East",30.13
"2022-05-15",8,"Upper West",29.79
"2022-05-15",9,"Volta",26.58
"2022-05-15",10,"Western",25.45
"2022-05-16",1,"Ashanti",25.7
"2022-05-16",2,"Brong Ahafo",26.82
"2022-05-16",3,"Central",25.72
"2022-05-16",4,"Eastern",25.99
"2022-05-16",5,"Greater Accra",27.21
"2022-05-16",6,"Northern",27.7
"2022-05-16",7,"Upper East",29.24
"2022-05-16",8,"Upper West",29.04
"2022-05-16",9,"Volta",26.65
"2022-05-16",10,"Western",25.06
"2022-05-17",1,"Ashanti",26.09
"2022-05-17",2,"Brong Ahafo",27.16
"2022-05-17",3,"Central",26.21
"2022-05-17",4,"Eastern",26.56
"2022-05-17",5,"Greater Accra",27.5
"2022-05-17",6,"Northern",28.79
"2022-05-17",7,"Upper East",29.63
"2022-05-17",8,"Upper West",28.22
"2022-05-17",9,"Volta",27.29
"2022-05-17",10,"Western",25.33
"2022-05-18",1,"Ashanti",25.14
"2022-05-18",2,"Brong Ahafo",27.02
"2022-05-18",3,"Central",24.97
"2022-05-18",4,"Eastern",25.12
"2022-05-18",5,"Greater Accra",26.29
"2022-05-18",6,"Northern",29.57
"2022-05-18",7,"Upper East",31.11
"2022-05-18",8,"Upper West",30.18
"2022-05-18",9,"Volta",25.98
"2022-05-18",10,"Western",24.86
"2022-05-19",1,"Ashanti",26.6
"2022-05-19",2,"Brong Ahafo",27.4
"2022-05-19",3,"Central",26.21
"2022-05-19",4,"Eastern",26.54
"2022-05-19",5,"Greater Accra",27.27
"2022-05-19",6,"Northern",27.59
"2022-05-19",7,"Upper East",26.12
"2022-05-19",8,"Upper West",27.49
"2022-05-19",9,"Volta",27.07
"2022-05-19",10,"Western",25.8
"2022-05-20",1,"Ashanti",25.65
"2022-05-20",2,"Brong Ahafo",26.48
"2022-05-20",3,"Central",25.29
"2022-05-20",4,"Eastern",25.42
"2022-05-20",5,"Greater Accra",26.88
"2022-05-20",6,"Northern",27.3
"2022-05-20",7,"Upper East",29.23
"2022-05-20",8,"Upper West",28.94
"2022-05-20",9,"Volta",26.35
"2022-05-20",10,"Western",25.26
"2022-05-21",1,"Ashanti",25.14
"2022-05-21",2,"Brong Ahafo",25.38
"2022-05-21",3,"Central",25.34
"2022-05-21",4,"Eastern",25.56
"2022-05-21",5,"Greater Accra",26.41
"2022-05-21",6,"Northern",25.61
"2022-05-21",7,"Upper East",25.69
"2022-05-21",8,"Upper West",27.23
"2022-05-21",9,"Volta",25.84
"2022-05-21",10,"Western",24.54
"2022-05-22",1,"Ashanti",22.77
"2022-05-22",2,"Brong Ahafo",23.33
"2022-05-22",3,"Central",23.15
"2022-05-22",4,"Eastern",22.92
"2022-05-22",5,"Greater Accra",23.91
"2022-05-22",6,"Northern",25.16
"2022-05-22",7,"Upper East",26.09
"2022-05-22",8,"Upper West",24.59
"2022-05-22",9,"Volta",23.89
"2022-05-22",10,"Western",23.43
"2022-05-23",1,"Ashanti",23.17
"2022-05-23",2,"Brong Ahafo",23.21
"2022-05-23",3,"Central",23.66
"2022-05-23",4,"Eastern",24.34
"2022-05-23",5,"Greater Accra",25.63
"2022-05-23",6,"Northern",25.05
"2022-05-23",7,"Upper East",26.46
"2022-05-23",8,"Upper West",25.43
"2022-05-23",9,"Volta",24.92
"2022-05-23",10,"Western",22.72
"2022-05-24",1,"Ashanti",24.73
"2022-05-24",2,"Brong Ahafo",24.92
"2022-05-24",3,"Central",24.87
"2022-05-24",4,"Eastern",25.05
"2022-05-24",5,"Greater Accra",25.67
"2022-05-24",6,"Northern",24.37
"2022-05-24",7,"Upper East",24.13
"2022-05-24",8,"Upper West",23.04
"2022-05-24",9,"Volta",25.26
"2022-05-24",10,"Western",24.41
"2022-05-25",1,"Ashanti",23.86
"2022-05-25",2,"Brong Ahafo",24.61
"2022-05-25",3,"Central",23.52
"2022-05-25",4,"Eastern",24.43
"2022-05-25",5,"Greater Accra",25.14
"2022-05-25",6,"Northern",25.66
"2022-05-25",7,"Upper East",26.04
"2022-05-25",8,"Upper West",25.19
"2022-05-25",9,"Volta",25.45
"2022-05-25",10,"Western",23.59
"2022-05-26",1,"Ashanti",24.82
"2022-05-26",2,"Brong Ahafo",25.58
"2022-05-26",3,"Central",24.62
"2022-05-26",4,"Eastern",24.69
"2022-05-26",5,"Greater Accra",26.06
"2022-05-26",6,"Northern",26.52
"2022-05-26",7,"Upper East",26.7
"2022-05-26",8,"Upper West",25.92
"2022-05-26",9,"Volta",25.82
"2022-05-26",10,"Western",24.93
"2022-05-27",1,"Ashanti",24.19
"2022-05-27",2,"Brong Ahafo",24.23
"2022-05-27",3,"Central",24.18
"2022-05-27",4,"Eastern",24.21
"2022-05-27",5,"Greater Accra",25.03
"2022-05-27",6,"Northern",24.94
"2022-05-27",7,"Upper East",25.75
"2022-05-27",8,"Upper West",24.47
"2022-05-27",9,"Volta",24.98
"2022-05-27",10,"Western",23.91
"2022-05-28",1,"Ashanti",25.15
"2022-05-28",2,"Brong Ahafo",25.73
"2022-05-28",3,"Central",24.65
"2022-05-28",4,"Eastern",25.13
"2022-05-28",5,"Greater Accra",26.32
"2022-05-28",6,"Northern",26.89
"2022-05-28",7,"Upper East",28.36
"2022-05-28",8,"Upper West",27.39
"2022-05-28",9,"Volta",26.03
"2022-05-28",10,"Western",24.36
"2022-05-29",1,"Ashanti",25.83
"2022-05-29",2,"Brong Ahafo",26.55
"2022-05-29",3,"Central",25.56
"2022-05-29",4,"Eastern",25.8
"2022-05-29",5,"Greater Accra",26.57
"2022-05-29",6,"Northern",27.37
"2022-05-29",7,"Upper East",28.67
"2022-05-29",8,"Upper West",27.8
"2022-05-29",9,"Volta",26.3
"2022-05-29",10,"Western",25.09
"2022-05-30",1,"Ashanti",25.77
"2022-05-30",2,"Brong Ahafo",26.82
"2022-05-30",3,"Central",25.47
"2022-05-30",4,"Eastern",25.5
"2022-05-30",5,"Greater Accra",26.71
"2022-05-30",6,"Northern",28.16
"2022-05-30",7,"Upper East",28.98
"2022-05-30",8,"Upper West",28.16
"2022-05-30",9,"Volta",26.47
"2022-05-30",10,"Western",24.96
"2022-05-31",1,"Ashanti",25.55
"2022-05-31",2,"Brong Ahafo",25.43
"2022-05-31",3,"Central",25.52
"2022-05-31",4,"Eastern",25.48
"2022-05-31",5,"Greater Accra",26.65
"2022-05-31",6,"Northern",25.12
"2022-05-31",7,"Upper East",24.93
"2022-05-31",8,"Upper West",24.06
"2022-05-31",9,"Volta",25.81
"2022-05-31",10,"Western",25.04
"2022-06-01",1,"Ashanti",24.6
"2022-06-01",2,"Brong Ahafo",25.08
"2022-06-01",3,"Central",24.55
"2022-06-01",4,"Eastern",25.26
"2022-06-01",5,"Greater Accra",25.78
"2022-06-01",6,"Northern",26.67
"2022-06-01",7,"Upper East",27.83
"2022-06-01",8,"Upper West",26.73
"2022-06-01",9,"Volta",26
"2022-06-01",10,"Western",23.8
"2022-06-02",1,"Ashanti",25.24
"2022-06-02",2,"Brong Ahafo",26.36
"2022-06-02",3,"Central",24.81
"2022-06-02",4,"Eastern",25.39
"2022-06-02",5,"Greater Accra",26.29
"2022-06-02",6,"Northern",27.88
"2022-06-02",7,"Upper East",29.28
"2022-06-02",8,"Upper West",27.98
"2022-06-02",9,"Volta",26.28
"2022-06-02",10,"Western",24.68
"2022-06-03",1,"Ashanti",25.75
"2022-06-03",2,"Brong Ahafo",26.29
"2022-06-03",3,"Central",25.62
"2022-06-03",4,"Eastern",25.94
"2022-06-03",5,"Greater Accra",26.88
"2022-06-03",6,"Northern",26.49
"2022-06-03",7,"Upper East",26.78
"2022-06-03",8,"Upper West",25.73
"2022-06-03",9,"Volta",26.47
"2022-06-03",10,"Western",25.03
"2022-06-04",1,"Ashanti",22.91
"2022-06-04",2,"Brong Ahafo",24.14
"2022-06-04",3,"Central",23.41
"2022-06-04",4,"Eastern",23.11
"2022-06-04",5,"Greater Accra",24.78
"2022-06-04",6,"Northern",26.14
"2022-06-04",7,"Upper East",27.51
"2022-06-04",8,"Upper West",26.24
"2022-06-04",9,"Volta",24.24
"2022-06-04",10,"Western",23.42
"2022-06-05",1,"Ashanti",25.68
"2022-06-05",2,"Brong Ahafo",26.1
"2022-06-05",3,"Central",25.73
"2022-06-05",4,"Eastern",25.76
"2022-06-05",5,"Greater Accra",26.67
"2022-06-05",6,"Northern",27.08
"2022-06-05",7,"Upper East",28.23
"2022-06-05",8,"Upper West",26.81
"2022-06-05",9,"Volta",25.93
"2022-06-05",10,"Western",24.89
"2022-06-06",1,"Ashanti",24.94
"2022-06-06",2,"Brong Ahafo",25.74
"2022-06-06",3,"Central",24.16
"2022-06-06",4,"Eastern",24.7
"2022-06-06",5,"Greater Accra",25.07
"2022-06-06",6,"Northern",26.87
"2022-06-06",7,"Upper East",25.52
"2022-06-06",8,"Upper West",27.88
"2022-06-06",9,"Volta",25.35
"2022-06-06",10,"Western",23.95
"2022-06-07",1,"Ashanti",24.24
"2022-06-07",2,"Brong Ahafo",24.72
"2022-06-07",3,"Central",24.49
"2022-06-07",4,"Eastern",24.57
"2022-06-07",5,"Greater Accra",25.28
"2022-06-07",6,"Northern",26.21
"2022-06-07",7,"Upper East",27.01
"2022-06-07",8,"Upper West",25.09
"2022-06-07",9,"Volta",25.2
"2022-06-07",10,"Western",23.52
"2022-06-08",1,"Ashanti",24.98
"2022-06-08",2,"Brong Ahafo",24.86
"2022-06-08",3,"Central",25.32
"2022-06-08",4,"Eastern",25.18
"2022-06-08",5,"Greater Accra",26.65
"2022-06-08",6,"Northern",24.66
"2022-06-08",7,"Upper East",24.66
"2022-06-08",8,"Upper West",24.54
"2022-06-08",9,"Volta",25.51
"2022-06-08",10,"Western",24.66
"2022-06-09",1,"Ashanti",25.23
"2022-06-09",2,"Brong Ahafo",25.84
"2022-06-09",3,"Central",25.68
"2022-06-09",4,"Eastern",25.78
"2022-06-09",5,"Greater Accra",27.03
"2022-06-09",6,"Northern",26.32
"2022-06-09",7,"Upper East",26.87
"2022-06-09",8,"Upper West",24.77
"2022-06-09",9,"Volta",26.76
"2022-06-09",10,"Western",24.98
"2022-06-10",1,"Ashanti",25.46
"2022-06-10",2,"Brong Ahafo",25.96
"2022-06-10",3,"Central",25.95
"2022-06-10",4,"Eastern",25.66
"2022-06-10",5,"Greater Accra",26.64
"2022-06-10",6,"Northern",26.65
"2022-06-10",7,"Upper East",28.24
"2022-06-10",8,"Upper West",27.82
"2022-06-10",9,"Volta",26.02
"2022-06-10",10,"Western",25.5
"2022-06-11",1,"Ashanti",22.06
"2022-06-11",2,"Brong Ahafo",23.37
"2022-06-11",3,"Central",22.64
"2022-06-11",4,"Eastern",22.37
"2022-06-11",5,"Greater Accra",24.27
"2022-06-11",6,"Northern",25.81
"2022-06-11",7,"Upper East",27.3
"2022-06-11",8,"Upper West",26.9
"2022-06-11",9,"Volta",23.78
"2022-06-11",10,"Western",22.64
"2022-06-12",1,"Ashanti",24.36
"2022-06-12",2,"Brong Ahafo",24.88
"2022-06-12",3,"Central",24.7
"2022-06-12",4,"Eastern",24.62
"2022-06-12",5,"Greater Accra",25.9
"2022-06-12",6,"Northern",26.51
"2022-06-12",7,"Upper East",27.47
"2022-06-12",8,"Upper West",26.23
"2022-06-12",9,"Volta",25.14
"2022-06-12",10,"Western",23.79
"2022-06-13",1,"Ashanti",24.58
"2022-06-13",2,"Brong Ahafo",25.07
"2022-06-13",3,"Central",24.67
"2022-06-13",4,"Eastern",24.7
"2022-06-13",5,"Greater Accra",25.71
"2022-06-13",6,"Northern",26.11
"2022-06-13",7,"Upper East",27.05
"2022-06-13",8,"Upper West",24.73
"2022-06-13",9,"Volta",25.66
"2022-06-13",10,"Western",24.35
"2022-06-14",1,"Ashanti",25.25
"2022-06-14",2,"Brong Ahafo",25.7
"2022-06-14",3,"Central",25.1
"2022-06-14",4,"Eastern",25.52
"2022-06-14",5,"Greater Accra",26.65
"2022-06-14",6,"Northern",26.8
"2022-06-14",7,"Upper East",28.32
"2022-06-14",8,"Upper West",26.89
"2022-06-14",9,"Volta",26.02
"2022-06-14",10,"Western",24.61
"2022-06-15",1,"Ashanti",25.49
"2022-06-15",2,"Brong Ahafo",25.77
"2022-06-15",3,"Central",25.94
"2022-06-15",4,"Eastern",25.97
"2022-06-15",5,"Greater Accra",26.55
"2022-06-15",6,"Northern",26.2
"2022-06-15",7,"Upper East",26.21
"2022-06-15",8,"Upper West",24.29
"2022-06-15",9,"Volta",26.45
"2022-06-15",10,"Western",25.58
"2022-06-16",1,"Ashanti",22.48
"2022-06-16",2,"Brong Ahafo",23.58
"2022-06-16",3,"Central",23.17
"2022-06-16",4,"Eastern",23.06
"2022-06-16",5,"Greater Accra",24.24
"2022-06-16",6,"Northern",25.28
"2022-06-16",7,"Upper East",27.01
"2022-06-16",8,"Upper West",25.73
"2022-06-16",9,"Volta",24.04
"2022-06-16",10,"Western",23.15
"2022-06-17",1,"Ashanti",23.66
"2022-06-17",2,"Brong Ahafo",24.11
"2022-06-17",3,"Central",23.67
"2022-06-17",4,"Eastern",23.8
"2022-06-17",5,"Greater Accra",24.89
"2022-06-17",6,"Northern",24.41
"2022-06-17",7,"Upper East",24.12
"2022-06-17",8,"Upper West",23.62
"2022-06-17",9,"Volta",24.21
"2022-06-17",10,"Western",23.47
"2022-06-18",1,"Ashanti",23.36
"2022-06-18",2,"Brong Ahafo",23.83
"2022-06-18",3,"Central",23.89
"2022-06-18",4,"Eastern",23.92
"2022-06-18",5,"Greater Accra",24.52
"2022-06-18",6,"Northern",24.97
"2022-06-18",7,"Upper East",25.61
"2022-06-18",8,"Upper West",25.4
"2022-06-18",9,"Volta",24.54
"2022-06-18",10,"Western",23.42
"2022-06-19",1,"Ashanti",23.63
"2022-06-19",2,"Brong Ahafo",24.22
"2022-06-19",3,"Central",23.43
"2022-06-19",4,"Eastern",23.95
"2022-06-19",5,"Greater Accra",24.81
"2022-06-19",6,"Northern",24.76
"2022-06-19",7,"Upper East",24.91
"2022-06-19",8,"Upper West",24.68
"2022-06-19",9,"Volta",24.23
"2022-06-19",10,"Western",23.54
"2022-06-20",1,"Ashanti",24.58
"2022-06-20",2,"Brong Ahafo",24.14
"2022-06-20",3,"Central",24.86
"2022-06-20",4,"Eastern",24.77
"2022-06-20",5,"Greater Accra",25.57
"2022-06-20",6,"Northern",24.1
"2022-06-20",7,"Upper East",25.75
"2022-06-20",8,"Upper West",24.69
"2022-06-20",9,"Volta",24.55
"2022-06-20",10,"Western",24.57
"2022-06-21",1,"Ashanti",23.85
"2022-06-21",2,"Brong Ahafo",24.23
"2022-06-21",3,"Central",24.43
"2022-06-21",4,"Eastern",24.53
"2022-06-21",5,"Greater Accra",25.53
"2022-06-21",6,"Northern",24.58
"2022-06-21",7,"Upper East",25.15
"2022-06-21",8,"Upper West",23.35
"2022-06-21",9,"Volta",25.03
"2022-06-21",10,"Western",23.75
"2022-06-22",1,"Ashanti",23.05
"2022-06-22",2,"Brong Ahafo",23.58
"2022-06-22",3,"Central",23.01
"2022-06-22",4,"Eastern",22.91
"2022-06-22",5,"Greater Accra",23.42
"2022-06-22",6,"Northern",24.22
"2022-06-22",7,"Upper East",25.1
"2022-06-22",8,"Upper West",24.57
"2022-06-22",9,"Volta",23.43
"2022-06-22",10,"Western",23
"2022-06-23",1,"Ashanti",23.95
"2022-06-23",2,"Brong Ahafo",24.71
"2022-06-23",3,"Central",23.05
"2022-06-23",4,"Eastern",23.94
"2022-06-23",5,"Greater Accra",24.93
"2022-06-23",6,"Northern",24.75
"2022-06-23",7,"Upper East",24.35
"2022-06-23",8,"Upper West",23.56
"2022-06-23",9,"Volta",24.75
"2022-06-23",10,"Western",23.54
"2022-06-24",1,"Ashanti",24.09
"2022-06-24",2,"Brong Ahafo",24.91
"2022-06-24",3,"Central",23.55
"2022-06-24",4,"Eastern",24.21
"2022-06-24",5,"Greater Accra",24.82
"2022-06-24",6,"Northern",26.37
"2022-06-24",7,"Upper East",26.86
"2022-06-24",8,"Upper West",25.86
"2022-06-24",9,"Volta",25.39
"2022-06-24",10,"Western",23.02
"2022-06-25",1,"Ashanti",21.93
"2022-06-25",2,"Brong Ahafo",22.58
"2022-06-25",3,"Central",22.4
"2022-06-25",4,"Eastern",21.84
"2022-06-25",5,"Greater Accra",23.17
"2022-06-25",6,"Northern",23.97
"2022-06-25",7,"Upper East",26.03
"2022-06-25",8,"Upper West",25.47
"2022-06-25",9,"Volta",22.67
"2022-06-25",10,"Western",22.42
"2022-06-26",1,"Ashanti",24.66
"2022-06-26",2,"Brong Ahafo",24.74
"2022-06-26",3,"Central",24.15
"2022-06-26",4,"Eastern",24.66
"2022-06-26",5,"Greater Accra",24.84
"2022-06-26",6,"Northern",25.42
"2022-06-26",7,"Upper East",26.22
"2022-06-26",8,"Upper West",25.24
"2022-06-26",9,"Volta",25.01
"2022-06-26",10,"Western",23.46
"2022-06-27",1,"Ashanti",24.62
"2022-06-27",2,"Brong Ahafo",25.5
"2022-06-27",3,"Central",24.85
"2022-06-27",4,"Eastern",24.78
"2022-06-27",5,"Greater Accra",25.22
"2022-06-27",6,"Northern",26
"2022-06-27",7,"Upper East",26.34
"2022-06-27",8,"Upper West",25.94
"2022-06-27",9,"Volta",25.14
"2022-06-27",10,"Western",24.4
"2022-06-28",1,"Ashanti",25.42
"2022-06-28",2,"Brong Ahafo",25.75
"2022-06-28",3,"Central",25.62
"2022-06-28",4,"Eastern",25.57
"2022-06-28",5,"Greater Accra",25.62
"2022-06-28",6,"Northern",26.2
"2022-06-28",7,"Upper East",26.74
"2022-06-28",8,"Upper West",24.41
"2022-06-28",9,"Volta",25.85
"2022-06-28",10,"Western",25.28
"2022-06-29",1,"Ashanti",24.7
"2022-06-29",2,"Brong Ahafo",25.37
"2022-06-29",3,"Central",25.25
"2022-06-29",4,"Eastern",25.05
"2022-06-29",5,"Greater Accra",25.73
"2022-06-29",6,"Northern",26.82
"2022-06-29",7,"Upper East",27.73
"2022-06-29",8,"Upper West",26.85
"2022-06-29",9,"Volta",25.85
"2022-06-29",10,"Western",24.92
"2022-06-30",1,"Ashanti",23.06
"2022-06-30",2,"Brong Ahafo",22.76
"2022-06-30",3,"Central",23.64
"2022-06-30",4,"Eastern",23.02
"2022-06-30",5,"Greater Accra",23.77
"2022-06-30",6,"Northern",22.39
"2022-06-30",7,"Upper East",23.58
"2022-06-30",8,"Upper West",23.92
"2022-06-30",9,"Volta",23
"2022-06-30",10,"Western",23.52
"2022-07-01",1,"Ashanti",22.88
"2022-07-01",2,"Brong Ahafo",23.66
"2022-07-01",3,"Central",23.46
"2022-07-01",4,"Eastern",23.38
"2022-07-01",5,"Greater Accra",24.12
"2022-07-01",6,"Northern",24.13
"2022-07-01",7,"Upper East",23.93
"2022-07-01",8,"Upper West",24.28
"2022-07-01",9,"Volta",23.86
"2022-07-01",10,"Western",23.33
"2022-07-02",1,"Ashanti",23.14
"2022-07-02",2,"Brong Ahafo",23.29
"2022-07-02",3,"Central",24.39
"2022-07-02",4,"Eastern",23.86
"2022-07-02",5,"Greater Accra",25.29
"2022-07-02",6,"Northern",23.93
"2022-07-02",7,"Upper East",24.84
"2022-07-02",8,"Upper West",23.76
"2022-07-02",9,"Volta",24.38
"2022-07-02",10,"Western",23.75
"2022-07-03",1,"Ashanti",23.66
"2022-07-03",2,"Brong Ahafo",24.16
"2022-07-03",3,"Central",23.78
"2022-07-03",4,"Eastern",23.8
"2022-07-03",5,"Greater Accra",24.52
"2022-07-03",6,"Northern",24.5
"2022-07-03",7,"Upper East",25.43
"2022-07-03",8,"Upper West",24.75
"2022-07-03",9,"Volta",24.22
"2022-07-03",10,"Western",23.75
"2022-07-04",1,"Ashanti",24.16
"2022-07-04",2,"Brong Ahafo",25.04
"2022-07-04",3,"Central",24.18
"2022-07-04",4,"Eastern",24.24
"2022-07-04",5,"Greater Accra",25.06
"2022-07-04",6,"Northern",25.63
"2022-07-04",7,"Upper East",26.12
"2022-07-04",8,"Upper West",25.2
"2022-07-04",9,"Volta",25.23
"2022-07-04",10,"Western",23.89
"2022-07-05",1,"Ashanti",23.45
"2022-07-05",2,"Brong Ahafo",24.35
"2022-07-05",3,"Central",23.74
"2022-07-05",4,"Eastern",23.45
"2022-07-05",5,"Greater Accra",24.64
"2022-07-05",6,"Northern",24.36
"2022-07-05",7,"Upper East",23.95
"2022-07-05",8,"Upper West",23.34
"2022-07-05",9,"Volta",24.33
"2022-07-05",10,"Western",23.51
"2022-07-06",1,"Ashanti",23.7
"2022-07-06",2,"Brong Ahafo",24.4
"2022-07-06",3,"Central",23.99
"2022-07-06",4,"Eastern",23.9
"2022-07-06",5,"Greater Accra",24.73
"2022-07-06",6,"Northern",25.37
"2022-07-06",7,"Upper East",26.06
"2022-07-06",8,"Upper West",25.26
"2022-07-06",9,"Volta",24.43
"2022-07-06",10,"Western",23.53
"2022-07-07",1,"Ashanti",24.39
"2022-07-07",2,"Brong Ahafo",24.8
"2022-07-07",3,"Central",24.25
"2022-07-07",4,"Eastern",24.69
"2022-07-07",5,"Greater Accra",25
"2022-07-07",6,"Northern",25.24
"2022-07-07",7,"Upper East",26.5
"2022-07-07",8,"Upper West",25.29
"2022-07-07",9,"Volta",25.25
"2022-07-07",10,"Western",23.67
"2022-07-08",1,"Ashanti",25.25
"2022-07-08",2,"Brong Ahafo",26.07
"2022-07-08",3,"Central",24.95
"2022-07-08",4,"Eastern",24.86
"2022-07-08",5,"Greater Accra",25.34
"2022-07-08",6,"Northern",26.07
"2022-07-08",7,"Upper East",26.46
"2022-07-08",8,"Upper West",25.62
"2022-07-08",9,"Volta",25.46
"2022-07-08",10,"Western",24.44
"2022-07-09",1,"Ashanti",23.98
"2022-07-09",2,"Brong Ahafo",23.87
"2022-07-09",3,"Central",24.41
"2022-07-09",4,"Eastern",24.58
"2022-07-09",5,"Greater Accra",25.25
"2022-07-09",6,"Northern",24.55
"2022-07-09",7,"Upper East",25.71
"2022-07-09",8,"Upper West",24.08
"2022-07-09",9,"Volta",24.68
"2022-07-09",10,"Western",24.23
"2022-07-10",1,"Ashanti",23.82
"2022-07-10",2,"Brong Ahafo",23.93
"2022-07-10",3,"Central",24.09
"2022-07-10",4,"Eastern",24.18
"2022-07-10",5,"Greater Accra",24.75
"2022-07-10",6,"Northern",24.68
"2022-07-10",7,"Upper East",26.27
"2022-07-10",8,"Upper West",25.27
"2022-07-10",9,"Volta",24.52
"2022-07-10",10,"Western",23.57
"2022-07-11",1,"Ashanti",24.18
"2022-07-11",2,"Brong Ahafo",24.55
"2022-07-11",3,"Central",24.02
"2022-07-11",4,"Eastern",24.1
"2022-07-11",5,"Greater Accra",24.54
"2022-07-11",6,"Northern",24.68
"2022-07-11",7,"Upper East",25.03
"2022-07-11",8,"Upper West",24.81
"2022-07-11",9,"Volta",24.71
"2022-07-11",10,"Western",23.07
"2022-07-12",1,"Ashanti",23.74
"2022-07-12",2,"Brong Ahafo",24.35
"2022-07-12",3,"Central",23.81
"2022-07-12",4,"Eastern",23.75
"2022-07-12",5,"Greater Accra",24.5
"2022-07-12",6,"Northern",25.9
"2022-07-12",7,"Upper East",27.33
"2022-07-12",8,"Upper West",26.11
"2022-07-12",9,"Volta",24.83
"2022-07-12",10,"Western",22.85
"2022-07-13",1,"Ashanti",24.17
"2022-07-13",2,"Brong Ahafo",25.01
"2022-07-13",3,"Central",24.08
"2022-07-13",4,"Eastern",23.94
"2022-07-13",5,"Greater Accra",24.56
"2022-07-13",6,"Northern",25.86
"2022-07-13",7,"Upper East",26.93
"2022-07-13",8,"Upper West",25.5
"2022-07-13",9,"Volta",24.47
"2022-07-13",10,"Western",23.78
"2022-07-14",1,"Ashanti",23.44
"2022-07-14",2,"Brong Ahafo",24.42
"2022-07-14",3,"Central",23.84
"2022-07-14",4,"Eastern",23.81
"2022-07-14",5,"Greater Accra",24.24
"2022-07-14",6,"Northern",24.73
"2022-07-14",7,"Upper East",25.29
"2022-07-14",8,"Upper West",24.92
"2022-07-14",9,"Volta",24.5
"2022-07-14",10,"Western",23.61
"2022-07-15",1,"Ashanti",24.1
"2022-07-15",2,"Brong Ahafo",24.9
"2022-07-15",3,"Central",23.67
"2022-07-15",4,"Eastern",24.17
"2022-07-15",5,"Greater Accra",24.43
"2022-07-15",6,"Northern",25.45
"2022-07-15",7,"Upper East",27.11
"2022-07-15",8,"Upper West",25.65
"2022-07-15",9,"Volta",24.9
"2022-07-15",10,"Western",23.2
"2022-07-16",1,"Ashanti",24.4
"2022-07-16",2,"Brong Ahafo",25.34
"2022-07-16",3,"Central",23.99
"2022-07-16",4,"Eastern",24.41
"2022-07-16",5,"Greater Accra",24.86
"2022-07-16",6,"Northern",25.63
"2022-07-16",7,"Upper East",25.16
"2022-07-16",8,"Upper West",24.62
"2022-07-16",9,"Volta",25.25
"2022-07-16",10,"Western",23.79
"2022-07-17",1,"Ashanti",24.17
"2022-07-17",2,"Brong Ahafo",24.77
"2022-07-17",3,"Central",24.28
"2022-07-17",4,"Eastern",24.05
"2022-07-17",5,"Greater Accra",24.58
"2022-07-17",6,"Northern",24.68
"2022-07-17",7,"Upper East",25.27
"2022-07-17",8,"Upper West",24.3
"2022-07-17",9,"Volta",24.43
"2022-07-17",10,"Western",24.19
"2022-07-18",1,"Ashanti",23.23
"2022-07-18",2,"Brong Ahafo",23.78
"2022-07-18",3,"Central",22.96
"2022-07-18",4,"Eastern",23.18
"2022-07-18",5,"Greater Accra",23.69
"2022-07-18",6,"Northern",23.98
"2022-07-18",7,"Upper East",24.45
"2022-07-18",8,"Upper West",23.71
"2022-07-18",9,"Volta",23.92
"2022-07-18",10,"Western",22.57
"2022-07-19",1,"Ashanti",23.41
"2022-07-19",2,"Brong Ahafo",24.43
"2022-07-19",3,"Central",22.84
"2022-07-19",4,"Eastern",23.2
"2022-07-19",5,"Greater Accra",23.87
"2022-07-19",6,"Northern",24.68
"2022-07-19",7,"Upper East",24.32
"2022-07-19",8,"Upper West",23.96
"2022-07-19",9,"Volta",24.27
"2022-07-19",10,"Western",22.37
"2022-07-20",1,"Ashanti",22.91
"2022-07-20",2,"Brong Ahafo",23.74
"2022-07-20",3,"Central",22.54
"2022-07-20",4,"Eastern",22.81
"2022-07-20",5,"Greater Accra",23.46
"2022-07-20",6,"Northern",24.18
"2022-07-20",7,"Upper East",24.51
"2022-07-20",8,"Upper West",23.64
"2022-07-20",9,"Volta",23.59
"2022-07-20",10,"Western",21.85
"2022-07-21",1,"Ashanti",22.46
"2022-07-21",2,"Brong Ahafo",23.04
"2022-07-21",3,"Central",21.96
"2022-07-21",4,"Eastern",21.97
"2022-07-21",5,"Greater Accra",23.05
"2022-07-21",6,"Northern",23.15
"2022-07-21",7,"Upper East",24.69
"2022-07-21",8,"Upper West",24.37
"2022-07-21",9,"Volta",23.26
"2022-07-21",10,"Western",21.98
"2022-07-22",1,"Ashanti",23.41
"2022-07-22",2,"Brong Ahafo",24.87
"2022-07-22",3,"Central",22.21
"2022-07-22",4,"Eastern",22.99
"2022-07-22",5,"Greater Accra",23.29
"2022-07-22",6,"Northern",25.14
"2022-07-22",7,"Upper East",25.46
"2022-07-22",8,"Upper West",24.33
"2022-07-22",9,"Volta",24.33
"2022-07-22",10,"Western",21.81
"2022-07-23",1,"Ashanti",23.47
"2022-07-23",2,"Brong Ahafo",24.3
"2022-07-23",3,"Central",23
"2022-07-23",4,"Eastern",23.52
"2022-07-23",5,"Greater Accra",24.06
"2022-07-23",6,"Northern",24.32
"2022-07-23",7,"Upper East",24.34
"2022-07-23",8,"Upper West",24.57
"2022-07-23",9,"Volta",24.03
"2022-07-23",10,"Western",22.52
"2022-07-24",1,"Ashanti",23.94
"2022-07-24",2,"Brong Ahafo",23.66
"2022-07-24",3,"Central",23.82
"2022-07-24",4,"Eastern",23.66
"2022-07-24",5,"Greater Accra",23.91
"2022-07-24",6,"Northern",23.57
"2022-07-24",7,"Upper East",23.6
"2022-07-24",8,"Upper West",23.23
"2022-07-24",9,"Volta",23.85
"2022-07-24",10,"Western",23.24
"2022-07-25",1,"Ashanti",24.18
"2022-07-25",2,"Brong Ahafo",24.43
"2022-07-25",3,"Central",23.72
"2022-07-25",4,"Eastern",23.81
"2022-07-25",5,"Greater Accra",23.85
"2022-07-25",6,"Northern",24.19
"2022-07-25",7,"Upper East",24.76
"2022-07-25",8,"Upper West",23.64
"2022-07-25",9,"Volta",24.46
"2022-07-25",10,"Western",23.46
"2022-07-26",1,"Ashanti",25.05
"2022-07-26",2,"Brong Ahafo",25.65
"2022-07-26",3,"Central",23.71
"2022-07-26",4,"Eastern",24.43
"2022-07-26",5,"Greater Accra",24.17
"2022-07-26",6,"Northern",25.84
"2022-07-26",7,"Upper East",26.64
"2022-07-26",8,"Upper West",25.73
"2022-07-26",9,"Volta",25.03
"2022-07-26",10,"Western",23.38
"2022-07-27",1,"Ashanti",23.93
"2022-07-27",2,"Brong Ahafo",24.59
"2022-07-27",3,"Central",23.85
"2022-07-27",4,"Eastern",24.35
"2022-07-27",5,"Greater Accra",24.59
"2022-07-27",6,"Northern",23.91
"2022-07-27",7,"Upper East",24.88
"2022-07-27",8,"Upper West",23.63
"2022-07-27",9,"Volta",24.79
"2022-07-27",10,"Western",23.47
"2022-07-28",1,"Ashanti",23.61
"2022-07-28",2,"Brong Ahafo",23.68
"2022-07-28",3,"Central",24.08
"2022-07-28",4,"Eastern",23.97
"2022-07-28",5,"Greater Accra",24.65
"2022-07-28",6,"Northern",24.33
"2022-07-28",7,"Upper East",24.97
"2022-07-28",8,"Upper West",24.4
"2022-07-28",9,"Volta",24.58
"2022-07-28",10,"Western",23.83
