"","date","ID_1","NAME_1","t2m"
"1","2010-01-01",1,"Diekirch",-0.64
"2","2010-01-01",2,"Grevenmacher",1.32
"3","2010-01-01",3,"Luxembourg",1.06
"4","2010-01-02",1,"Diekirch",-3.98
"5","2010-01-02",2,"Grevenmacher",-2.51
"6","2010-01-02",3,"Luxembourg",-2.74
"7","2010-01-03",1,"Diekirch",-1.85
"8","2010-01-03",2,"Grevenmacher",-1.36
"9","2010-01-03",3,"Luxembourg",-1.29
"10","2010-01-04",1,"Diekirch",-7
"11","2010-01-04",2,"Grevenmacher",-6.07
"12","2010-01-04",3,"Luxembourg",-6.25
"13","2010-01-05",1,"Diekirch",-7.55
"14","2010-01-05",2,"Grevenmacher",-7.75
"15","2010-01-05",3,"Luxembourg",-7.68
"16","2010-01-06",1,"Diekirch",-7.62
"17","2010-01-06",2,"Grevenmacher",-7.97
"18","2010-01-06",3,"Luxembourg",-7.7
"19","2010-01-07",1,"Diekirch",-6.22
"20","2010-01-07",2,"Grevenmacher",-5.37
"21","2010-01-07",3,"Luxembourg",-5.34
"22","2010-01-08",1,"Diekirch",-4.85
"23","2010-01-08",2,"Grevenmacher",-3.79
"24","2010-01-08",3,"Luxembourg",-3.89
"25","2010-01-09",1,"Diekirch",-5.96
"26","2010-01-09",2,"Grevenmacher",-5.14
"27","2010-01-09",3,"Luxembourg",-5.04
"28","2010-01-10",1,"Diekirch",-4.31
"29","2010-01-10",2,"Grevenmacher",-3.64
"30","2010-01-10",3,"Luxembourg",-3.47
"31","2010-01-11",1,"Diekirch",-3.24
"32","2010-01-11",2,"Grevenmacher",-2.48
"33","2010-01-11",3,"Luxembourg",-2.54
"34","2010-01-12",1,"Diekirch",-2.94
"35","2010-01-12",2,"Grevenmacher",-2.33
"36","2010-01-12",3,"Luxembourg",-2.24
"37","2010-01-13",1,"Diekirch",-3.54
"38","2010-01-13",2,"Grevenmacher",-2.9
"39","2010-01-13",3,"Luxembourg",-2.84
"40","2010-01-14",1,"Diekirch",0.04
"41","2010-01-14",2,"Grevenmacher",0.33
"42","2010-01-14",3,"Luxembourg",0.55
"43","2010-01-15",1,"Diekirch",0.08
"44","2010-01-15",2,"Grevenmacher",0.64
"45","2010-01-15",3,"Luxembourg",0.6
"46","2010-01-16",1,"Diekirch",-0.22
"47","2010-01-16",2,"Grevenmacher",0.39
"48","2010-01-16",3,"Luxembourg",0.28
"49","2010-01-17",1,"Diekirch",1.64
"50","2010-01-17",2,"Grevenmacher",2.35
"51","2010-01-17",3,"Luxembourg",2.54
"52","2010-01-18",1,"Diekirch",2.91
"53","2010-01-18",2,"Grevenmacher",3.25
"54","2010-01-18",3,"Luxembourg",3.08
"55","2010-01-19",1,"Diekirch",0.5
"56","2010-01-19",2,"Grevenmacher",0.67
"57","2010-01-19",3,"Luxembourg",0.58
"58","2010-01-20",1,"Diekirch",0.56
"59","2010-01-20",2,"Grevenmacher",1.15
"60","2010-01-20",3,"Luxembourg",0.96
"61","2010-01-21",1,"Diekirch",-0.23
"62","2010-01-21",2,"Grevenmacher",0.22
"63","2010-01-21",3,"Luxembourg",0.07
"64","2010-01-22",1,"Diekirch",0.67
"65","2010-01-22",2,"Grevenmacher",1.41
"66","2010-01-22",3,"Luxembourg",1.25
"67","2010-01-23",1,"Diekirch",0.19
"68","2010-01-23",2,"Grevenmacher",0.82
"69","2010-01-23",3,"Luxembourg",0.73
"70","2010-01-24",1,"Diekirch",-1.8
"71","2010-01-24",2,"Grevenmacher",-1.5
"72","2010-01-24",3,"Luxembourg",-1.43
"73","2010-01-25",1,"Diekirch",-0.61
"74","2010-01-25",2,"Grevenmacher",-0.38
"75","2010-01-25",3,"Luxembourg",-0.29
"76","2010-01-26",1,"Diekirch",-2.1
"77","2010-01-26",2,"Grevenmacher",-1.33
"78","2010-01-26",3,"Luxembourg",-1.02
"79","2010-01-27",1,"Diekirch",-7.73
"80","2010-01-27",2,"Grevenmacher",-7.69
"81","2010-01-27",3,"Luxembourg",-7.2
"82","2010-01-28",1,"Diekirch",-3.03
"83","2010-01-28",2,"Grevenmacher",-2.94
"84","2010-01-28",3,"Luxembourg",-2.85
"85","2010-01-29",1,"Diekirch",0.22
"86","2010-01-29",2,"Grevenmacher",0.72
"87","2010-01-29",3,"Luxembourg",0.56
"88","2010-01-30",1,"Diekirch",-1.71
"89","2010-01-30",2,"Grevenmacher",-0.91
"90","2010-01-30",3,"Luxembourg",-0.94
"91","2010-01-31",1,"Diekirch",-5.53
"92","2010-01-31",2,"Grevenmacher",-7.54
"93","2010-01-31",3,"Luxembourg",-6.69
"94","2010-02-01",1,"Diekirch",-3.83
"95","2010-02-01",2,"Grevenmacher",-3.49
"96","2010-02-01",3,"Luxembourg",-3.09
"97","2010-02-02",1,"Diekirch",-1.82
"98","2010-02-02",2,"Grevenmacher",-1.68
"99","2010-02-02",3,"Luxembourg",-1.86
"100","2010-02-03",1,"Diekirch",2.21
"101","2010-02-03",2,"Grevenmacher",2.71
"102","2010-02-03",3,"Luxembourg",2.9
"103","2010-02-04",1,"Diekirch",3.04
"104","2010-02-04",2,"Grevenmacher",3.78
"105","2010-02-04",3,"Luxembourg",3.81
"106","2010-02-05",1,"Diekirch",1.68
"107","2010-02-05",2,"Grevenmacher",2.34
"108","2010-02-05",3,"Luxembourg",2.42
"109","2010-02-06",1,"Diekirch",2.13
"110","2010-02-06",2,"Grevenmacher",2.79
"111","2010-02-06",3,"Luxembourg",2.49
"112","2010-02-07",1,"Diekirch",1.22
"113","2010-02-07",2,"Grevenmacher",2.15
"114","2010-02-07",3,"Luxembourg",1.89
"115","2010-02-08",1,"Diekirch",0.9
"116","2010-02-08",2,"Grevenmacher",1.64
"117","2010-02-08",3,"Luxembourg",1.71
"118","2010-02-09",1,"Diekirch",-5.04
"119","2010-02-09",2,"Grevenmacher",-3.5
"120","2010-02-09",3,"Luxembourg",-3.34
"121","2010-02-10",1,"Diekirch",-7.59
"122","2010-02-10",2,"Grevenmacher",-5.95
"123","2010-02-10",3,"Luxembourg",-6.13
"124","2010-02-11",1,"Diekirch",-10.11
"125","2010-02-11",2,"Grevenmacher",-7.45
"126","2010-02-11",3,"Luxembourg",-7.53
"127","2010-02-12",1,"Diekirch",-5.34
"128","2010-02-12",2,"Grevenmacher",-4.08
"129","2010-02-12",3,"Luxembourg",-4.08
"130","2010-02-13",1,"Diekirch",-5.98
"131","2010-02-13",2,"Grevenmacher",-5.07
"132","2010-02-13",3,"Luxembourg",-5.09
"133","2010-02-14",1,"Diekirch",-6.35
"134","2010-02-14",2,"Grevenmacher",-4.42
"135","2010-02-14",3,"Luxembourg",-4.41
"136","2010-02-15",1,"Diekirch",-3.29
"137","2010-02-15",2,"Grevenmacher",-2.56
"138","2010-02-15",3,"Luxembourg",-2.34
"139","2010-02-16",1,"Diekirch",-6.33
"140","2010-02-16",2,"Grevenmacher",-5.08
"141","2010-02-16",3,"Luxembourg",-4.35
"142","2010-02-17",1,"Diekirch",-4.71
"143","2010-02-17",2,"Grevenmacher",-4.37
"144","2010-02-17",3,"Luxembourg",-2.98
"145","2010-02-18",1,"Diekirch",1.32
"146","2010-02-18",2,"Grevenmacher",1.8
"147","2010-02-18",3,"Luxembourg",1.95
"148","2010-02-19",1,"Diekirch",2.57
"149","2010-02-19",2,"Grevenmacher",2.53
"150","2010-02-19",3,"Luxembourg",2.71
"151","2010-02-20",1,"Diekirch",-0.74
"152","2010-02-20",2,"Grevenmacher",-0.62
"153","2010-02-20",3,"Luxembourg",-0.8
"154","2010-02-21",1,"Diekirch",-0.57
"155","2010-02-21",2,"Grevenmacher",-0.13
"156","2010-02-21",3,"Luxembourg",0.06
"157","2010-02-22",1,"Diekirch",1.05
"158","2010-02-22",2,"Grevenmacher",1.9
"159","2010-02-22",3,"Luxembourg",1.86
"160","2010-02-23",1,"Diekirch",7.51
"161","2010-02-23",2,"Grevenmacher",8.71
"162","2010-02-23",3,"Luxembourg",8.55
"163","2010-02-24",1,"Diekirch",5.87
"164","2010-02-24",2,"Grevenmacher",6.79
"165","2010-02-24",3,"Luxembourg",6.74
"166","2010-02-25",1,"Diekirch",6.67
"167","2010-02-25",2,"Grevenmacher",7.59
"168","2010-02-25",3,"Luxembourg",7.63
"169","2010-02-26",1,"Diekirch",8.07
"170","2010-02-26",2,"Grevenmacher",8.51
"171","2010-02-26",3,"Luxembourg",8.5
"172","2010-02-27",1,"Diekirch",2.02
"173","2010-02-27",2,"Grevenmacher",2.52
"174","2010-02-27",3,"Luxembourg",2.54
"175","2010-02-28",1,"Diekirch",4.47
"176","2010-02-28",2,"Grevenmacher",5.37
"177","2010-02-28",3,"Luxembourg",5.28
"178","2010-03-01",1,"Diekirch",2.54
"179","2010-03-01",2,"Grevenmacher",3.41
"180","2010-03-01",3,"Luxembourg",3.4
"181","2010-03-02",1,"Diekirch",-0.36
"182","2010-03-02",2,"Grevenmacher",1.04
"183","2010-03-02",3,"Luxembourg",0.74
"184","2010-03-03",1,"Diekirch",-0.94
"185","2010-03-03",2,"Grevenmacher",-0.42
"186","2010-03-03",3,"Luxembourg",-0.2
"187","2010-03-04",1,"Diekirch",0.27
"188","2010-03-04",2,"Grevenmacher",1.12
"189","2010-03-04",3,"Luxembourg",1.16
"190","2010-03-05",1,"Diekirch",-2.06
"191","2010-03-05",2,"Grevenmacher",-1.92
"192","2010-03-05",3,"Luxembourg",-1.86
"193","2010-03-06",1,"Diekirch",-0.43
"194","2010-03-06",2,"Grevenmacher",-0.06
"195","2010-03-06",3,"Luxembourg",-0.07
"196","2010-03-07",1,"Diekirch",-6.45
"197","2010-03-07",2,"Grevenmacher",-4.87
"198","2010-03-07",3,"Luxembourg",-4.78
"199","2010-03-08",1,"Diekirch",-5.44
"200","2010-03-08",2,"Grevenmacher",-3.68
"201","2010-03-08",3,"Luxembourg",-3.71
"202","2010-03-09",1,"Diekirch",-5.52
"203","2010-03-09",2,"Grevenmacher",-3.58
"204","2010-03-09",3,"Luxembourg",-3.66
"205","2010-03-10",1,"Diekirch",-5.08
"206","2010-03-10",2,"Grevenmacher",-3.37
"207","2010-03-10",3,"Luxembourg",-3.4
"208","2010-03-11",1,"Diekirch",-1.9
"209","2010-03-11",2,"Grevenmacher",-0.24
"210","2010-03-11",3,"Luxembourg",-0.27
"211","2010-03-12",1,"Diekirch",-4.59
"212","2010-03-12",2,"Grevenmacher",-3.81
"213","2010-03-12",3,"Luxembourg",-3.82
"214","2010-03-13",1,"Diekirch",-1.16
"215","2010-03-13",2,"Grevenmacher",-0.24
"216","2010-03-13",3,"Luxembourg",0.06
"217","2010-03-14",1,"Diekirch",1.87
"218","2010-03-14",2,"Grevenmacher",2.46
"219","2010-03-14",3,"Luxembourg",2.37
"220","2010-03-15",1,"Diekirch",3.13
"221","2010-03-15",2,"Grevenmacher",3.62
"222","2010-03-15",3,"Luxembourg",3.23
"223","2010-03-16",1,"Diekirch",4.61
"224","2010-03-16",2,"Grevenmacher",5.57
"225","2010-03-16",3,"Luxembourg",5.46
"226","2010-03-17",1,"Diekirch",0.54
"227","2010-03-17",2,"Grevenmacher",1.38
"228","2010-03-17",3,"Luxembourg",1.36
"229","2010-03-18",1,"Diekirch",4.72
"230","2010-03-18",2,"Grevenmacher",4.5
"231","2010-03-18",3,"Luxembourg",4.73
"232","2010-03-19",1,"Diekirch",9.49
"233","2010-03-19",2,"Grevenmacher",9.21
"234","2010-03-19",3,"Luxembourg",9.69
"235","2010-03-20",1,"Diekirch",10.66
"236","2010-03-20",2,"Grevenmacher",11.19
"237","2010-03-20",3,"Luxembourg",11.19
"238","2010-03-21",1,"Diekirch",11.13
"239","2010-03-21",2,"Grevenmacher",11.65
"240","2010-03-21",3,"Luxembourg",11.72
"241","2010-03-22",1,"Diekirch",6.08
"242","2010-03-22",2,"Grevenmacher",6.99
"243","2010-03-22",3,"Luxembourg",6.76
"244","2010-03-23",1,"Diekirch",3.36
"245","2010-03-23",2,"Grevenmacher",4.88
"246","2010-03-23",3,"Luxembourg",4.73
"247","2010-03-24",1,"Diekirch",6.63
"248","2010-03-24",2,"Grevenmacher",6.56
"249","2010-03-24",3,"Luxembourg",6.8
"250","2010-03-25",1,"Diekirch",10.59
"251","2010-03-25",2,"Grevenmacher",10.97
"252","2010-03-25",3,"Luxembourg",11.3
"253","2010-03-26",1,"Diekirch",9.93
"254","2010-03-26",2,"Grevenmacher",11.41
"255","2010-03-26",3,"Luxembourg",10.95
"256","2010-03-27",1,"Diekirch",5.67
"257","2010-03-27",2,"Grevenmacher",6.31
"258","2010-03-27",3,"Luxembourg",6.3
"259","2010-03-28",1,"Diekirch",5.96
"260","2010-03-28",2,"Grevenmacher",6.39
"261","2010-03-28",3,"Luxembourg",6.51
"262","2010-03-29",1,"Diekirch",8.41
"263","2010-03-29",2,"Grevenmacher",9.12
"264","2010-03-29",3,"Luxembourg",9.21
"265","2010-03-30",1,"Diekirch",9.55
"266","2010-03-30",2,"Grevenmacher",10.82
"267","2010-03-30",3,"Luxembourg",10.56
"268","2010-03-31",1,"Diekirch",2.92
"269","2010-03-31",2,"Grevenmacher",3.55
"270","2010-03-31",3,"Luxembourg",3.8
"271","2010-04-01",1,"Diekirch",1.34
"272","2010-04-01",2,"Grevenmacher",2.5
"273","2010-04-01",3,"Luxembourg",2.26
"274","2010-04-02",1,"Diekirch",-0.39
"275","2010-04-02",2,"Grevenmacher",0.23
"276","2010-04-02",3,"Luxembourg",0.18
"277","2010-04-03",1,"Diekirch",5.14
"278","2010-04-03",2,"Grevenmacher",6.05
"279","2010-04-03",3,"Luxembourg",5.94
"280","2010-04-04",1,"Diekirch",5.47
"281","2010-04-04",2,"Grevenmacher",5.97
"282","2010-04-04",3,"Luxembourg",5.83
"283","2010-04-05",1,"Diekirch",3.97
"284","2010-04-05",2,"Grevenmacher",4.24
"285","2010-04-05",3,"Luxembourg",4.05
"286","2010-04-06",1,"Diekirch",2.28
"287","2010-04-06",2,"Grevenmacher",2.45
"288","2010-04-06",3,"Luxembourg",2.08
"289","2010-04-07",1,"Diekirch",7
"290","2010-04-07",2,"Grevenmacher",7.01
"291","2010-04-07",3,"Luxembourg",7.18
"292","2010-04-08",1,"Diekirch",10.35
"293","2010-04-08",2,"Grevenmacher",10.16
"294","2010-04-08",3,"Luxembourg",10.41
"295","2010-04-09",1,"Diekirch",6.48
"296","2010-04-09",2,"Grevenmacher",8.05
"297","2010-04-09",3,"Luxembourg",7.75
"298","2010-04-10",1,"Diekirch",5.95
"299","2010-04-10",2,"Grevenmacher",5.83
"300","2010-04-10",3,"Luxembourg",6.15
"301","2010-04-11",1,"Diekirch",2.66
"302","2010-04-11",2,"Grevenmacher",3.48
"303","2010-04-11",3,"Luxembourg",3.59
"304","2010-04-12",1,"Diekirch",2.13
"305","2010-04-12",2,"Grevenmacher",2.89
"306","2010-04-12",3,"Luxembourg",2.89
"307","2010-04-13",1,"Diekirch",5.09
"308","2010-04-13",2,"Grevenmacher",4.97
"309","2010-04-13",3,"Luxembourg",5
"310","2010-04-14",1,"Diekirch",7.09
"311","2010-04-14",2,"Grevenmacher",7.15
"312","2010-04-14",3,"Luxembourg",7.22
"313","2010-04-15",1,"Diekirch",5.19
"314","2010-04-15",2,"Grevenmacher",5.73
"315","2010-04-15",3,"Luxembourg",5.85
"316","2010-04-16",1,"Diekirch",6.16
"317","2010-04-16",2,"Grevenmacher",6.92
"318","2010-04-16",3,"Luxembourg",6.98
"319","2010-04-17",1,"Diekirch",2.75
"320","2010-04-17",2,"Grevenmacher",3.65
"321","2010-04-17",3,"Luxembourg",3.67
"322","2010-04-18",1,"Diekirch",5.29
"323","2010-04-18",2,"Grevenmacher",5.51
"324","2010-04-18",3,"Luxembourg",6.01
"325","2010-04-19",1,"Diekirch",8.09
"326","2010-04-19",2,"Grevenmacher",8.43
"327","2010-04-19",3,"Luxembourg",9.02
"328","2010-04-20",1,"Diekirch",4.68
"329","2010-04-20",2,"Grevenmacher",4.99
"330","2010-04-20",3,"Luxembourg",5.17
"331","2010-04-21",1,"Diekirch",2
"332","2010-04-21",2,"Grevenmacher",2.31
"333","2010-04-21",3,"Luxembourg",2.36
"334","2010-04-22",1,"Diekirch",1.1
"335","2010-04-22",2,"Grevenmacher",2.37
"336","2010-04-22",3,"Luxembourg",2.69
"337","2010-04-23",1,"Diekirch",3.2
"338","2010-04-23",2,"Grevenmacher",4.18
"339","2010-04-23",3,"Luxembourg",4.33
"340","2010-04-24",1,"Diekirch",5.92
"341","2010-04-24",2,"Grevenmacher",6.27
"342","2010-04-24",3,"Luxembourg",6.68
"343","2010-04-25",1,"Diekirch",9.25
"344","2010-04-25",2,"Grevenmacher",8.72
"345","2010-04-25",3,"Luxembourg",9.29
"346","2010-04-26",1,"Diekirch",10.65
"347","2010-04-26",2,"Grevenmacher",11.36
"348","2010-04-26",3,"Luxembourg",11.27
"349","2010-04-27",1,"Diekirch",8.18
"350","2010-04-27",2,"Grevenmacher",8.64
"351","2010-04-27",3,"Luxembourg",8.8
"352","2010-04-28",1,"Diekirch",9
"353","2010-04-28",2,"Grevenmacher",9
"354","2010-04-28",3,"Luxembourg",9.56
"355","2010-04-29",1,"Diekirch",11.75
"356","2010-04-29",2,"Grevenmacher",11.33
"357","2010-04-29",3,"Luxembourg",11.82
"358","2010-04-30",1,"Diekirch",16.07
"359","2010-04-30",2,"Grevenmacher",17.26
"360","2010-04-30",3,"Luxembourg",17.23
"361","2010-05-01",1,"Diekirch",8.74
"362","2010-05-01",2,"Grevenmacher",10.28
"363","2010-05-01",3,"Luxembourg",10.31
"364","2010-05-02",1,"Diekirch",8.6
"365","2010-05-02",2,"Grevenmacher",8.91
"366","2010-05-02",3,"Luxembourg",9.13
"367","2010-05-03",1,"Diekirch",4.67
"368","2010-05-03",2,"Grevenmacher",5.65
"369","2010-05-03",3,"Luxembourg",5.62
"370","2010-05-04",1,"Diekirch",4.51
"371","2010-05-04",2,"Grevenmacher",5.36
"372","2010-05-04",3,"Luxembourg",5.29
"373","2010-05-05",1,"Diekirch",2.92
"374","2010-05-05",2,"Grevenmacher",4.29
"375","2010-05-05",3,"Luxembourg",4.29
"376","2010-05-06",1,"Diekirch",5.61
"377","2010-05-06",2,"Grevenmacher",6.43
"378","2010-05-06",3,"Luxembourg",6.58
"379","2010-05-07",1,"Diekirch",4.51
"380","2010-05-07",2,"Grevenmacher",5.01
"381","2010-05-07",3,"Luxembourg",5.31
"382","2010-05-08",1,"Diekirch",5.31
"383","2010-05-08",2,"Grevenmacher",6.38
"384","2010-05-08",3,"Luxembourg",6.12
"385","2010-05-09",1,"Diekirch",5.36
"386","2010-05-09",2,"Grevenmacher",6.55
"387","2010-05-09",3,"Luxembourg",6.91
"388","2010-05-10",1,"Diekirch",7.26
"389","2010-05-10",2,"Grevenmacher",8.37
"390","2010-05-10",3,"Luxembourg",8.43
"391","2010-05-11",1,"Diekirch",6.28
"392","2010-05-11",2,"Grevenmacher",7.63
"393","2010-05-11",3,"Luxembourg",7.57
"394","2010-05-12",1,"Diekirch",3.91
"395","2010-05-12",2,"Grevenmacher",5.85
"396","2010-05-12",3,"Luxembourg",5.35
"397","2010-05-13",1,"Diekirch",4.65
"398","2010-05-13",2,"Grevenmacher",5.81
"399","2010-05-13",3,"Luxembourg",5.76
"400","2010-05-14",1,"Diekirch",4.92
"401","2010-05-14",2,"Grevenmacher",5.4
"402","2010-05-14",3,"Luxembourg",5.5
"403","2010-05-15",1,"Diekirch",5.18
"404","2010-05-15",2,"Grevenmacher",6.69
"405","2010-05-15",3,"Luxembourg",6.86
"406","2010-05-16",1,"Diekirch",5.38
"407","2010-05-16",2,"Grevenmacher",6.2
"408","2010-05-16",3,"Luxembourg",6.07
"409","2010-05-17",1,"Diekirch",5.56
"410","2010-05-17",2,"Grevenmacher",5.94
"411","2010-05-17",3,"Luxembourg",6.19
"412","2010-05-18",1,"Diekirch",4.9
"413","2010-05-18",2,"Grevenmacher",5
"414","2010-05-18",3,"Luxembourg",5.32
"415","2010-05-19",1,"Diekirch",5.21
"416","2010-05-19",2,"Grevenmacher",5.56
"417","2010-05-19",3,"Luxembourg",5.8
"418","2010-05-20",1,"Diekirch",8.56
"419","2010-05-20",2,"Grevenmacher",10.13
"420","2010-05-20",3,"Luxembourg",10.14
"421","2010-05-21",1,"Diekirch",8.24
"422","2010-05-21",2,"Grevenmacher",8.87
"423","2010-05-21",3,"Luxembourg",8.88
"424","2010-05-22",1,"Diekirch",11.27
"425","2010-05-22",2,"Grevenmacher",11.76
"426","2010-05-22",3,"Luxembourg",11.84
"427","2010-05-23",1,"Diekirch",11.86
"428","2010-05-23",2,"Grevenmacher",12.91
"429","2010-05-23",3,"Luxembourg",12.9
"430","2010-05-24",1,"Diekirch",12.31
"431","2010-05-24",2,"Grevenmacher",11.91
"432","2010-05-24",3,"Luxembourg",12.32
"433","2010-05-25",1,"Diekirch",13.76
"434","2010-05-25",2,"Grevenmacher",14.36
"435","2010-05-25",3,"Luxembourg",13.8
"436","2010-05-26",1,"Diekirch",12.35
"437","2010-05-26",2,"Grevenmacher",13.68
"438","2010-05-26",3,"Luxembourg",13.88
"439","2010-05-27",1,"Diekirch",9.24
"440","2010-05-27",2,"Grevenmacher",10.68
"441","2010-05-27",3,"Luxembourg",10.72
"442","2010-05-28",1,"Diekirch",11.47
"443","2010-05-28",2,"Grevenmacher",12.54
"444","2010-05-28",3,"Luxembourg",12.5
"445","2010-05-29",1,"Diekirch",7.29
"446","2010-05-29",2,"Grevenmacher",7.88
"447","2010-05-29",3,"Luxembourg",7.71
"448","2010-05-30",1,"Diekirch",11.07
"449","2010-05-30",2,"Grevenmacher",11.99
"450","2010-05-30",3,"Luxembourg",11.82
"451","2010-05-31",1,"Diekirch",6.38
"452","2010-05-31",2,"Grevenmacher",6.88
"453","2010-05-31",3,"Luxembourg",7.02
"454","2010-06-01",1,"Diekirch",10.17
"455","2010-06-01",2,"Grevenmacher",10.94
"456","2010-06-01",3,"Luxembourg",10.78
"457","2010-06-02",1,"Diekirch",10.47
"458","2010-06-02",2,"Grevenmacher",11.27
"459","2010-06-02",3,"Luxembourg",11.21
"460","2010-06-03",1,"Diekirch",11.87
"461","2010-06-03",2,"Grevenmacher",12.2
"462","2010-06-03",3,"Luxembourg",12.22
"463","2010-06-04",1,"Diekirch",12.34
"464","2010-06-04",2,"Grevenmacher",13.24
"465","2010-06-04",3,"Luxembourg",13.39
"466","2010-06-05",1,"Diekirch",13.25
"467","2010-06-05",2,"Grevenmacher",13.19
"468","2010-06-05",3,"Luxembourg",13.7
"469","2010-06-06",1,"Diekirch",13.33
"470","2010-06-06",2,"Grevenmacher",14.09
"471","2010-06-06",3,"Luxembourg",13.84
"472","2010-06-07",1,"Diekirch",13.01
"473","2010-06-07",2,"Grevenmacher",14.76
"474","2010-06-07",3,"Luxembourg",14.3
"475","2010-06-08",1,"Diekirch",12.04
"476","2010-06-08",2,"Grevenmacher",12.07
"477","2010-06-08",3,"Luxembourg",12.68
"478","2010-06-09",1,"Diekirch",14.16
"479","2010-06-09",2,"Grevenmacher",15.15
"480","2010-06-09",3,"Luxembourg",14.84
"481","2010-06-10",1,"Diekirch",14.8
"482","2010-06-10",2,"Grevenmacher",15.44
"483","2010-06-10",3,"Luxembourg",15.44
"484","2010-06-11",1,"Diekirch",14.89
"485","2010-06-11",2,"Grevenmacher",15.42
"486","2010-06-11",3,"Luxembourg",15.37
"487","2010-06-12",1,"Diekirch",15.55
"488","2010-06-12",2,"Grevenmacher",16.76
"489","2010-06-12",3,"Luxembourg",16.65
"490","2010-06-13",1,"Diekirch",9.62
"491","2010-06-13",2,"Grevenmacher",11.66
"492","2010-06-13",3,"Luxembourg",11.47
"493","2010-06-14",1,"Diekirch",10.85
"494","2010-06-14",2,"Grevenmacher",11.45
"495","2010-06-14",3,"Luxembourg",12.05
"496","2010-06-15",1,"Diekirch",12.58
"497","2010-06-15",2,"Grevenmacher",13.22
"498","2010-06-15",3,"Luxembourg",13.53
"499","2010-06-16",1,"Diekirch",10.43
"500","2010-06-16",2,"Grevenmacher",11.88
"501","2010-06-16",3,"Luxembourg",11.92
"502","2010-06-17",1,"Diekirch",12.89
"503","2010-06-17",2,"Grevenmacher",13.9
"504","2010-06-17",3,"Luxembourg",13.99
"505","2010-06-18",1,"Diekirch",13.16
"506","2010-06-18",2,"Grevenmacher",13.94
"507","2010-06-18",3,"Luxembourg",14.08
"508","2010-06-19",1,"Diekirch",10.06
"509","2010-06-19",2,"Grevenmacher",11.58
"510","2010-06-19",3,"Luxembourg",11.45
"511","2010-06-20",1,"Diekirch",6.29
"512","2010-06-20",2,"Grevenmacher",7.33
"513","2010-06-20",3,"Luxembourg",7.13
"514","2010-06-21",1,"Diekirch",8.42
"515","2010-06-21",2,"Grevenmacher",8.84
"516","2010-06-21",3,"Luxembourg",8.79
"517","2010-06-22",1,"Diekirch",8.39
"518","2010-06-22",2,"Grevenmacher",9.45
"519","2010-06-22",3,"Luxembourg",9.46
"520","2010-06-23",1,"Diekirch",9.09
"521","2010-06-23",2,"Grevenmacher",9.53
"522","2010-06-23",3,"Luxembourg",9.79
"523","2010-06-24",1,"Diekirch",11.72
"524","2010-06-24",2,"Grevenmacher",12.64
"525","2010-06-24",3,"Luxembourg",12.48
"526","2010-06-25",1,"Diekirch",16.5
"527","2010-06-25",2,"Grevenmacher",16.43
"528","2010-06-25",3,"Luxembourg",16.85
"529","2010-06-26",1,"Diekirch",14.5
"530","2010-06-26",2,"Grevenmacher",15.81
"531","2010-06-26",3,"Luxembourg",15.93
"532","2010-06-27",1,"Diekirch",15.3
"533","2010-06-27",2,"Grevenmacher",15.24
"534","2010-06-27",3,"Luxembourg",15.69
"535","2010-06-28",1,"Diekirch",17.04
"536","2010-06-28",2,"Grevenmacher",17.08
"537","2010-06-28",3,"Luxembourg",17.22
"538","2010-06-29",1,"Diekirch",18.14
"539","2010-06-29",2,"Grevenmacher",18.77
"540","2010-06-29",3,"Luxembourg",19.22
"541","2010-06-30",1,"Diekirch",15.75
"542","2010-06-30",2,"Grevenmacher",16.91
"543","2010-06-30",3,"Luxembourg",17.04
"544","2010-07-01",1,"Diekirch",15.75
"545","2010-07-01",2,"Grevenmacher",15.9
"546","2010-07-01",3,"Luxembourg",15.68
"547","2010-07-02",1,"Diekirch",18.17
"548","2010-07-02",2,"Grevenmacher",18.19
"549","2010-07-02",3,"Luxembourg",18.27
"550","2010-07-03",1,"Diekirch",19.77
"551","2010-07-03",2,"Grevenmacher",19.59
"552","2010-07-03",3,"Luxembourg",20.11
"553","2010-07-04",1,"Diekirch",18.34
"554","2010-07-04",2,"Grevenmacher",19.08
"555","2010-07-04",3,"Luxembourg",19
"556","2010-07-05",1,"Diekirch",14.39
"557","2010-07-05",2,"Grevenmacher",15.26
"558","2010-07-05",3,"Luxembourg",15.08
"559","2010-07-06",1,"Diekirch",13.17
"560","2010-07-06",2,"Grevenmacher",14.75
"561","2010-07-06",3,"Luxembourg",14.61
"562","2010-07-07",1,"Diekirch",11.66
"563","2010-07-07",2,"Grevenmacher",12.56
"564","2010-07-07",3,"Luxembourg",12.66
"565","2010-07-08",1,"Diekirch",15.71
"566","2010-07-08",2,"Grevenmacher",15.8
"567","2010-07-08",3,"Luxembourg",16.02
"568","2010-07-09",1,"Diekirch",18.32
"569","2010-07-09",2,"Grevenmacher",18.04
"570","2010-07-09",3,"Luxembourg",18.06
"571","2010-07-10",1,"Diekirch",19.72
"572","2010-07-10",2,"Grevenmacher",20.37
"573","2010-07-10",3,"Luxembourg",20.05
"574","2010-07-11",1,"Diekirch",18.62
"575","2010-07-11",2,"Grevenmacher",19.65
"576","2010-07-11",3,"Luxembourg",19.24
"577","2010-07-12",1,"Diekirch",21.63
"578","2010-07-12",2,"Grevenmacher",22.95
"579","2010-07-12",3,"Luxembourg",22.03
"580","2010-07-13",1,"Diekirch",16.06
"581","2010-07-13",2,"Grevenmacher",17.22
"582","2010-07-13",3,"Luxembourg",16.94
"583","2010-07-14",1,"Diekirch",17.13
"584","2010-07-14",2,"Grevenmacher",18.36
"585","2010-07-14",3,"Luxembourg",18.08
"586","2010-07-15",1,"Diekirch",15.49
"587","2010-07-15",2,"Grevenmacher",16.48
"588","2010-07-15",3,"Luxembourg",16.45
"589","2010-07-16",1,"Diekirch",13.04
"590","2010-07-16",2,"Grevenmacher",12.92
"591","2010-07-16",3,"Luxembourg",13.23
"592","2010-07-17",1,"Diekirch",15.93
"593","2010-07-17",2,"Grevenmacher",17.12
"594","2010-07-17",3,"Luxembourg",17.05
"595","2010-07-18",1,"Diekirch",10.48
"596","2010-07-18",2,"Grevenmacher",11.67
"597","2010-07-18",3,"Luxembourg",11.66
"598","2010-07-19",1,"Diekirch",12.78
"599","2010-07-19",2,"Grevenmacher",13.59
"600","2010-07-19",3,"Luxembourg",13.91
"601","2010-07-20",1,"Diekirch",16.3
"602","2010-07-20",2,"Grevenmacher",16.34
"603","2010-07-20",3,"Luxembourg",16.96
"604","2010-07-21",1,"Diekirch",18.74
"605","2010-07-21",2,"Grevenmacher",18.96
"606","2010-07-21",3,"Luxembourg",19.32
"607","2010-07-22",1,"Diekirch",16.12
"608","2010-07-22",2,"Grevenmacher",17.04
"609","2010-07-22",3,"Luxembourg",16.66
"610","2010-07-23",1,"Diekirch",13.56
"611","2010-07-23",2,"Grevenmacher",14.19
"612","2010-07-23",3,"Luxembourg",14.25
"613","2010-07-24",1,"Diekirch",12.63
"614","2010-07-24",2,"Grevenmacher",13.56
"615","2010-07-24",3,"Luxembourg",13.3
"616","2010-07-25",1,"Diekirch",9.5
"617","2010-07-25",2,"Grevenmacher",9.73
"618","2010-07-25",3,"Luxembourg",10.02
"619","2010-07-26",1,"Diekirch",13.55
"620","2010-07-26",2,"Grevenmacher",13.87
"621","2010-07-26",3,"Luxembourg",14.14
"622","2010-07-27",1,"Diekirch",12.51
"623","2010-07-27",2,"Grevenmacher",13.2
"624","2010-07-27",3,"Luxembourg",13.1
"625","2010-07-28",1,"Diekirch",15.46
"626","2010-07-28",2,"Grevenmacher",15.94
"627","2010-07-28",3,"Luxembourg",15.96
"628","2010-07-29",1,"Diekirch",12.78
"629","2010-07-29",2,"Grevenmacher",13.27
"630","2010-07-29",3,"Luxembourg",13.52
"631","2010-07-30",1,"Diekirch",12.27
"632","2010-07-30",2,"Grevenmacher",13.22
"633","2010-07-30",3,"Luxembourg",13.22
"634","2010-07-31",1,"Diekirch",12.05
"635","2010-07-31",2,"Grevenmacher",12.03
"636","2010-07-31",3,"Luxembourg",12.3
"637","2010-08-01",1,"Diekirch",15.75
"638","2010-08-01",2,"Grevenmacher",16.22
"639","2010-08-01",3,"Luxembourg",16.39
"640","2010-08-02",1,"Diekirch",14.49
"641","2010-08-02",2,"Grevenmacher",15.56
"642","2010-08-02",3,"Luxembourg",15.44
"643","2010-08-03",1,"Diekirch",13.59
"644","2010-08-03",2,"Grevenmacher",14.56
"645","2010-08-03",3,"Luxembourg",14.43
"646","2010-08-04",1,"Diekirch",14.09
"647","2010-08-04",2,"Grevenmacher",14.38
"648","2010-08-04",3,"Luxembourg",14.54
"649","2010-08-05",1,"Diekirch",12.63
"650","2010-08-05",2,"Grevenmacher",13.9
"651","2010-08-05",3,"Luxembourg",13.73
"652","2010-08-06",1,"Diekirch",10
"653","2010-08-06",2,"Grevenmacher",10.77
"654","2010-08-06",3,"Luxembourg",10.8
"655","2010-08-07",1,"Diekirch",10.8
"656","2010-08-07",2,"Grevenmacher",10.82
"657","2010-08-07",3,"Luxembourg",10.54
"658","2010-08-08",1,"Diekirch",15.94
"659","2010-08-08",2,"Grevenmacher",16.88
"660","2010-08-08",3,"Luxembourg",17.04
"661","2010-08-09",1,"Diekirch",12.16
"662","2010-08-09",2,"Grevenmacher",13
"663","2010-08-09",3,"Luxembourg",13.19
"664","2010-08-10",1,"Diekirch",13.81
"665","2010-08-10",2,"Grevenmacher",14.78
"666","2010-08-10",3,"Luxembourg",14.77
"667","2010-08-11",1,"Diekirch",16.75
"668","2010-08-11",2,"Grevenmacher",17.32
"669","2010-08-11",3,"Luxembourg",17.36
"670","2010-08-12",1,"Diekirch",14.88
"671","2010-08-12",2,"Grevenmacher",15.63
"672","2010-08-12",3,"Luxembourg",15.58
"673","2010-08-13",1,"Diekirch",11.86
"674","2010-08-13",2,"Grevenmacher",13.1
"675","2010-08-13",3,"Luxembourg",13.13
"676","2010-08-14",1,"Diekirch",10.28
"677","2010-08-14",2,"Grevenmacher",11.33
"678","2010-08-14",3,"Luxembourg",11.25
"679","2010-08-15",1,"Diekirch",15.93
"680","2010-08-15",2,"Grevenmacher",17.06
"681","2010-08-15",3,"Luxembourg",16.78
"682","2010-08-16",1,"Diekirch",12.96
"683","2010-08-16",2,"Grevenmacher",13.78
"684","2010-08-16",3,"Luxembourg",13.6
"685","2010-08-17",1,"Diekirch",13.33
"686","2010-08-17",2,"Grevenmacher",13.79
"687","2010-08-17",3,"Luxembourg",13.65
"688","2010-08-18",1,"Diekirch",12.68
"689","2010-08-18",2,"Grevenmacher",13.06
"690","2010-08-18",3,"Luxembourg",12.9
"691","2010-08-19",1,"Diekirch",12.28
"692","2010-08-19",2,"Grevenmacher",13.16
"693","2010-08-19",3,"Luxembourg",12.99
"694","2010-08-20",1,"Diekirch",11.88
"695","2010-08-20",2,"Grevenmacher",12.38
"696","2010-08-20",3,"Luxembourg",12.97
"697","2010-08-21",1,"Diekirch",16.18
"698","2010-08-21",2,"Grevenmacher",16.19
"699","2010-08-21",3,"Luxembourg",16.48
"700","2010-08-22",1,"Diekirch",17.49
"701","2010-08-22",2,"Grevenmacher",17.56
"702","2010-08-22",3,"Luxembourg",17.59
"703","2010-08-23",1,"Diekirch",18.29
"704","2010-08-23",2,"Grevenmacher",18.24
"705","2010-08-23",3,"Luxembourg",18.51
"706","2010-08-24",1,"Diekirch",15.46
"707","2010-08-24",2,"Grevenmacher",16.48
"708","2010-08-24",3,"Luxembourg",16.42
"709","2010-08-25",1,"Diekirch",11.12
"710","2010-08-25",2,"Grevenmacher",11.8
"711","2010-08-25",3,"Luxembourg",11.74
"712","2010-08-26",1,"Diekirch",15.85
"713","2010-08-26",2,"Grevenmacher",16.61
"714","2010-08-26",3,"Luxembourg",16.68
"715","2010-08-27",1,"Diekirch",17.75
"716","2010-08-27",2,"Grevenmacher",18.06
"717","2010-08-27",3,"Luxembourg",18.21
"718","2010-08-28",1,"Diekirch",11.22
"719","2010-08-28",2,"Grevenmacher",12.24
"720","2010-08-28",3,"Luxembourg",12.18
"721","2010-08-29",1,"Diekirch",9.4
"722","2010-08-29",2,"Grevenmacher",9.84
"723","2010-08-29",3,"Luxembourg",9.9
"724","2010-08-30",1,"Diekirch",8.23
"725","2010-08-30",2,"Grevenmacher",8.94
"726","2010-08-30",3,"Luxembourg",8.98
"727","2010-08-31",1,"Diekirch",9.55
"728","2010-08-31",2,"Grevenmacher",10.24
"729","2010-08-31",3,"Luxembourg",10.19
"730","2010-09-01",1,"Diekirch",7.84
"731","2010-09-01",2,"Grevenmacher",8.23
"732","2010-09-01",3,"Luxembourg",8.58
"733","2010-09-02",1,"Diekirch",9.21
"734","2010-09-02",2,"Grevenmacher",10.04
"735","2010-09-02",3,"Luxembourg",10.22
"736","2010-09-03",1,"Diekirch",10.17
"737","2010-09-03",2,"Grevenmacher",11.26
"738","2010-09-03",3,"Luxembourg",11.39
"739","2010-09-04",1,"Diekirch",11.91
"740","2010-09-04",2,"Grevenmacher",12.98
"741","2010-09-04",3,"Luxembourg",12.99
"742","2010-09-05",1,"Diekirch",9.12
"743","2010-09-05",2,"Grevenmacher",9.93
"744","2010-09-05",3,"Luxembourg",10.25
"745","2010-09-06",1,"Diekirch",9.09
"746","2010-09-06",2,"Grevenmacher",9.73
"747","2010-09-06",3,"Luxembourg",9.87
"748","2010-09-07",1,"Diekirch",10.7
"749","2010-09-07",2,"Grevenmacher",11.46
"750","2010-09-07",3,"Luxembourg",11.53
"751","2010-09-08",1,"Diekirch",12.47
"752","2010-09-08",2,"Grevenmacher",13.41
"753","2010-09-08",3,"Luxembourg",13.67
"754","2010-09-09",1,"Diekirch",12.2
"755","2010-09-09",2,"Grevenmacher",12.92
"756","2010-09-09",3,"Luxembourg",12.84
"757","2010-09-10",1,"Diekirch",11.65
"758","2010-09-10",2,"Grevenmacher",12.18
"759","2010-09-10",3,"Luxembourg",12.1
"760","2010-09-11",1,"Diekirch",11.09
"761","2010-09-11",2,"Grevenmacher",12.16
"762","2010-09-11",3,"Luxembourg",12.11
"763","2010-09-12",1,"Diekirch",13.6
"764","2010-09-12",2,"Grevenmacher",13.43
"765","2010-09-12",3,"Luxembourg",13.36
"766","2010-09-13",1,"Diekirch",11.17
"767","2010-09-13",2,"Grevenmacher",12
"768","2010-09-13",3,"Luxembourg",11.78
"769","2010-09-14",1,"Diekirch",11.72
"770","2010-09-14",2,"Grevenmacher",11.59
"771","2010-09-14",3,"Luxembourg",11.79
"772","2010-09-15",1,"Diekirch",14.37
"773","2010-09-15",2,"Grevenmacher",14.95
"774","2010-09-15",3,"Luxembourg",14.92
"775","2010-09-16",1,"Diekirch",11.2
"776","2010-09-16",2,"Grevenmacher",11.97
"777","2010-09-16",3,"Luxembourg",11.88
"778","2010-09-17",1,"Diekirch",9.59
"779","2010-09-17",2,"Grevenmacher",10.15
"780","2010-09-17",3,"Luxembourg",10.09
"781","2010-09-18",1,"Diekirch",4.83
"782","2010-09-18",2,"Grevenmacher",5.42
"783","2010-09-18",3,"Luxembourg",5.36
"784","2010-09-19",1,"Diekirch",4.67
"785","2010-09-19",2,"Grevenmacher",4.85
"786","2010-09-19",3,"Luxembourg",4.34
"787","2010-09-20",1,"Diekirch",8.02
"788","2010-09-20",2,"Grevenmacher",7.74
"789","2010-09-20",3,"Luxembourg",7.66
"790","2010-09-21",1,"Diekirch",8.25
"791","2010-09-21",2,"Grevenmacher",8.41
"792","2010-09-21",3,"Luxembourg",7.58
"793","2010-09-22",1,"Diekirch",9.7
"794","2010-09-22",2,"Grevenmacher",9.27
"795","2010-09-22",3,"Luxembourg",9.93
"796","2010-09-23",1,"Diekirch",11.47
"797","2010-09-23",2,"Grevenmacher",11.54
"798","2010-09-23",3,"Luxembourg",11.85
"799","2010-09-24",1,"Diekirch",13.89
"800","2010-09-24",2,"Grevenmacher",14.27
"801","2010-09-24",3,"Luxembourg",14.32
"802","2010-09-25",1,"Diekirch",10.31
"803","2010-09-25",2,"Grevenmacher",10.76
"804","2010-09-25",3,"Luxembourg",10.67
"805","2010-09-26",1,"Diekirch",7.1
"806","2010-09-26",2,"Grevenmacher",7.83
"807","2010-09-26",3,"Luxembourg",7.83
"808","2010-09-27",1,"Diekirch",7.35
"809","2010-09-27",2,"Grevenmacher",7.58
"810","2010-09-27",3,"Luxembourg",7.76
"811","2010-09-28",1,"Diekirch",8.17
"812","2010-09-28",2,"Grevenmacher",8.83
"813","2010-09-28",3,"Luxembourg",8.71
"814","2010-09-29",1,"Diekirch",9.97
"815","2010-09-29",2,"Grevenmacher",10.38
"816","2010-09-29",3,"Luxembourg",10.4
"817","2010-09-30",1,"Diekirch",9.37
"818","2010-09-30",2,"Grevenmacher",9.37
"819","2010-09-30",3,"Luxembourg",10.02
"820","2010-10-01",1,"Diekirch",9.95
"821","2010-10-01",2,"Grevenmacher",10.64
"822","2010-10-01",3,"Luxembourg",10.48
"823","2010-10-02",1,"Diekirch",10.13
"824","2010-10-02",2,"Grevenmacher",10.67
"825","2010-10-02",3,"Luxembourg",10.69
"826","2010-10-03",1,"Diekirch",13.72
"827","2010-10-03",2,"Grevenmacher",14.19
"828","2010-10-03",3,"Luxembourg",14.14
"829","2010-10-04",1,"Diekirch",15.45
"830","2010-10-04",2,"Grevenmacher",14.95
"831","2010-10-04",3,"Luxembourg",15.27
"832","2010-10-05",1,"Diekirch",14.03
"833","2010-10-05",2,"Grevenmacher",14.19
"834","2010-10-05",3,"Luxembourg",14.32
"835","2010-10-06",1,"Diekirch",13.31
"836","2010-10-06",2,"Grevenmacher",13.55
"837","2010-10-06",3,"Luxembourg",13.66
"838","2010-10-07",1,"Diekirch",12.73
"839","2010-10-07",2,"Grevenmacher",13.32
"840","2010-10-07",3,"Luxembourg",13.47
"841","2010-10-08",1,"Diekirch",11.81
"842","2010-10-08",2,"Grevenmacher",12.29
"843","2010-10-08",3,"Luxembourg",12.2
"844","2010-10-09",1,"Diekirch",10.13
"845","2010-10-09",2,"Grevenmacher",10.01
"846","2010-10-09",3,"Luxembourg",10.52
"847","2010-10-10",1,"Diekirch",9.06
"848","2010-10-10",2,"Grevenmacher",9.01
"849","2010-10-10",3,"Luxembourg",9.39
"850","2010-10-11",1,"Diekirch",7.95
"851","2010-10-11",2,"Grevenmacher",8.49
"852","2010-10-11",3,"Luxembourg",8.63
"853","2010-10-12",1,"Diekirch",6.14
"854","2010-10-12",2,"Grevenmacher",6.65
"855","2010-10-12",3,"Luxembourg",6.9
"856","2010-10-13",1,"Diekirch",3.4
"857","2010-10-13",2,"Grevenmacher",4.42
"858","2010-10-13",3,"Luxembourg",4.42
"859","2010-10-14",1,"Diekirch",1.61
"860","2010-10-14",2,"Grevenmacher",2.77
"861","2010-10-14",3,"Luxembourg",2.87
"862","2010-10-15",1,"Diekirch",6.26
"863","2010-10-15",2,"Grevenmacher",6.17
"864","2010-10-15",3,"Luxembourg",6.02
"865","2010-10-16",1,"Diekirch",7.2
"866","2010-10-16",2,"Grevenmacher",7.78
"867","2010-10-16",3,"Luxembourg",7.77
"868","2010-10-17",1,"Diekirch",3.92
"869","2010-10-17",2,"Grevenmacher",4.73
"870","2010-10-17",3,"Luxembourg",4.72
"871","2010-10-18",1,"Diekirch",4.15
"872","2010-10-18",2,"Grevenmacher",5.19
"873","2010-10-18",3,"Luxembourg",5.37
"874","2010-10-19",1,"Diekirch",3.78
"875","2010-10-19",2,"Grevenmacher",4.06
"876","2010-10-19",3,"Luxembourg",4.1
"877","2010-10-20",1,"Diekirch",4.38
"878","2010-10-20",2,"Grevenmacher",4.52
"879","2010-10-20",3,"Luxembourg",4.7
"880","2010-10-21",1,"Diekirch",2.32
"881","2010-10-21",2,"Grevenmacher",3.34
"882","2010-10-21",3,"Luxembourg",3.11
"883","2010-10-22",1,"Diekirch",-0.84
"884","2010-10-22",2,"Grevenmacher",-1.15
"885","2010-10-22",3,"Luxembourg",-0.9
"886","2010-10-23",1,"Diekirch",-1.38
"887","2010-10-23",2,"Grevenmacher",-1.65
"888","2010-10-23",3,"Luxembourg",-1.57
"889","2010-10-24",1,"Diekirch",6.12
"890","2010-10-24",2,"Grevenmacher",6.82
"891","2010-10-24",3,"Luxembourg",6.8
"892","2010-10-25",1,"Diekirch",2.12
"893","2010-10-25",2,"Grevenmacher",2.26
"894","2010-10-25",3,"Luxembourg",2.35
"895","2010-10-26",1,"Diekirch",-0.13
"896","2010-10-26",2,"Grevenmacher",0.35
"897","2010-10-26",3,"Luxembourg",0.62
"898","2010-10-27",1,"Diekirch",4.68
"899","2010-10-27",2,"Grevenmacher",4.78
"900","2010-10-27",3,"Luxembourg",4.84
"901","2010-10-28",1,"Diekirch",5.72
"902","2010-10-28",2,"Grevenmacher",5.69
"903","2010-10-28",3,"Luxembourg",5.64
"904","2010-10-29",1,"Diekirch",5.64
"905","2010-10-29",2,"Grevenmacher",5.71
"906","2010-10-29",3,"Luxembourg",5.74
"907","2010-10-30",1,"Diekirch",10.72
"908","2010-10-30",2,"Grevenmacher",11.27
"909","2010-10-30",3,"Luxembourg",11.43
"910","2010-10-31",1,"Diekirch",7.9
"911","2010-10-31",2,"Grevenmacher",8.8
"912","2010-10-31",3,"Luxembourg",9.02
"913","2010-11-01",1,"Diekirch",9.11
"914","2010-11-01",2,"Grevenmacher",9.29
"915","2010-11-01",3,"Luxembourg",9.47
"916","2010-11-02",1,"Diekirch",7.35
"917","2010-11-02",2,"Grevenmacher",7.52
"918","2010-11-02",3,"Luxembourg",7.81
"919","2010-11-03",1,"Diekirch",9.52
"920","2010-11-03",2,"Grevenmacher",10.02
"921","2010-11-03",3,"Luxembourg",10.07
"922","2010-11-04",1,"Diekirch",12.1
"923","2010-11-04",2,"Grevenmacher",12.66
"924","2010-11-04",3,"Luxembourg",12.73
"925","2010-11-05",1,"Diekirch",11.54
"926","2010-11-05",2,"Grevenmacher",12.36
"927","2010-11-05",3,"Luxembourg",12.17
"928","2010-11-06",1,"Diekirch",10.96
"929","2010-11-06",2,"Grevenmacher",11.33
"930","2010-11-06",3,"Luxembourg",11.25
"931","2010-11-07",1,"Diekirch",6.12
"932","2010-11-07",2,"Grevenmacher",7.02
"933","2010-11-07",3,"Luxembourg",7.04
"934","2010-11-08",1,"Diekirch",3.71
"935","2010-11-08",2,"Grevenmacher",4.5
"936","2010-11-08",3,"Luxembourg",4.5
"937","2010-11-09",1,"Diekirch",2.16
"938","2010-11-09",2,"Grevenmacher",3.26
"939","2010-11-09",3,"Luxembourg",3.53
"940","2010-11-10",1,"Diekirch",6.31
"941","2010-11-10",2,"Grevenmacher",7.19
"942","2010-11-10",3,"Luxembourg",7.23
"943","2010-11-11",1,"Diekirch",3.31
"944","2010-11-11",2,"Grevenmacher",4.29
"945","2010-11-11",3,"Luxembourg",3.95
"946","2010-11-12",1,"Diekirch",8.23
"947","2010-11-12",2,"Grevenmacher",9.75
"948","2010-11-12",3,"Luxembourg",9.65
"949","2010-11-13",1,"Diekirch",11.66
"950","2010-11-13",2,"Grevenmacher",12.55
"951","2010-11-13",3,"Luxembourg",12.55
"952","2010-11-14",1,"Diekirch",11.66
"953","2010-11-14",2,"Grevenmacher",12.56
"954","2010-11-14",3,"Luxembourg",12.49
"955","2010-11-15",1,"Diekirch",7.98
"956","2010-11-15",2,"Grevenmacher",9.2
"957","2010-11-15",3,"Luxembourg",8.98
"958","2010-11-16",1,"Diekirch",2.5
"959","2010-11-16",2,"Grevenmacher",4.02
"960","2010-11-16",3,"Luxembourg",3.97
"961","2010-11-17",1,"Diekirch",2.12
"962","2010-11-17",2,"Grevenmacher",3.1
"963","2010-11-17",3,"Luxembourg",2.78
"964","2010-11-18",1,"Diekirch",2.81
"965","2010-11-18",2,"Grevenmacher",3.72
"966","2010-11-18",3,"Luxembourg",3.66
"967","2010-11-19",1,"Diekirch",3.84
"968","2010-11-19",2,"Grevenmacher",4.61
"969","2010-11-19",3,"Luxembourg",4.56
"970","2010-11-20",1,"Diekirch",4.31
"971","2010-11-20",2,"Grevenmacher",5.12
"972","2010-11-20",3,"Luxembourg",4.91
"973","2010-11-21",1,"Diekirch",2.21
"974","2010-11-21",2,"Grevenmacher",2.84
"975","2010-11-21",3,"Luxembourg",2.81
"976","2010-11-22",1,"Diekirch",2.26
"977","2010-11-22",2,"Grevenmacher",3.16
"978","2010-11-22",3,"Luxembourg",3.12
"979","2010-11-23",1,"Diekirch",1.88
"980","2010-11-23",2,"Grevenmacher",2.91
"981","2010-11-23",3,"Luxembourg",2.7
"982","2010-11-24",1,"Diekirch",2.53
"983","2010-11-24",2,"Grevenmacher",3.35
"984","2010-11-24",3,"Luxembourg",3.17
"985","2010-11-25",1,"Diekirch",0.16
"986","2010-11-25",2,"Grevenmacher",0.38
"987","2010-11-25",3,"Luxembourg",-0.05
"988","2010-11-26",1,"Diekirch",-0.6
"989","2010-11-26",2,"Grevenmacher",-0.04
"990","2010-11-26",3,"Luxembourg",-0.04
"991","2010-11-27",1,"Diekirch",-1.76
"992","2010-11-27",2,"Grevenmacher",-0.96
"993","2010-11-27",3,"Luxembourg",-0.95
"994","2010-11-28",1,"Diekirch",-2.9
"995","2010-11-28",2,"Grevenmacher",-2.26
"996","2010-11-28",3,"Luxembourg",-2.4
"997","2010-11-29",1,"Diekirch",-2.4
"998","2010-11-29",2,"Grevenmacher",-1.46
"999","2010-11-29",3,"Luxembourg",-1.46
"1000","2010-11-30",1,"Diekirch",-3.19
"1001","2010-11-30",2,"Grevenmacher",-2.91
"1002","2010-11-30",3,"Luxembourg",-3.25
"1003","2010-12-01",1,"Diekirch",-3.59
"1004","2010-12-01",2,"Grevenmacher",-3.1
"1005","2010-12-01",3,"Luxembourg",-2.95
"1006","2010-12-02",1,"Diekirch",-8.27
"1007","2010-12-02",2,"Grevenmacher",-6.85
"1008","2010-12-02",3,"Luxembourg",-6.56
"1009","2010-12-03",1,"Diekirch",-6.03
"1010","2010-12-03",2,"Grevenmacher",-5.11
"1011","2010-12-03",3,"Luxembourg",-4.89
"1012","2010-12-04",1,"Diekirch",-6.27
"1013","2010-12-04",2,"Grevenmacher",-5.55
"1014","2010-12-04",3,"Luxembourg",-5.35
"1015","2010-12-05",1,"Diekirch",-1.05
"1016","2010-12-05",2,"Grevenmacher",-1.03
"1017","2010-12-05",3,"Luxembourg",-0.74
"1018","2010-12-06",1,"Diekirch",-0.89
"1019","2010-12-06",2,"Grevenmacher",-0.41
"1020","2010-12-06",3,"Luxembourg",-0.26
"1021","2010-12-07",1,"Diekirch",-2.72
"1022","2010-12-07",2,"Grevenmacher",-0.67
"1023","2010-12-07",3,"Luxembourg",-0.63
"1024","2010-12-08",1,"Diekirch",-0.76
"1025","2010-12-08",2,"Grevenmacher",0.25
"1026","2010-12-08",3,"Luxembourg",0.24
"1027","2010-12-09",1,"Diekirch",-3.37
"1028","2010-12-09",2,"Grevenmacher",-2.8
"1029","2010-12-09",3,"Luxembourg",-2.92
"1030","2010-12-10",1,"Diekirch",-0.9
"1031","2010-12-10",2,"Grevenmacher",-0.37
"1032","2010-12-10",3,"Luxembourg",-0.75
"1033","2010-12-11",1,"Diekirch",1.39
"1034","2010-12-11",2,"Grevenmacher",1.76
"1035","2010-12-11",3,"Luxembourg",1.9
"1036","2010-12-12",1,"Diekirch",2.11
"1037","2010-12-12",2,"Grevenmacher",3.08
"1038","2010-12-12",3,"Luxembourg",3.09
"1039","2010-12-13",1,"Diekirch",-3.47
"1040","2010-12-13",2,"Grevenmacher",-1.87
"1041","2010-12-13",3,"Luxembourg",-1.81
"1042","2010-12-14",1,"Diekirch",-3.75
"1043","2010-12-14",2,"Grevenmacher",-3.78
"1044","2010-12-14",3,"Luxembourg",-3.57
"1045","2010-12-15",1,"Diekirch",-5.45
"1046","2010-12-15",2,"Grevenmacher",-4.43
"1047","2010-12-15",3,"Luxembourg",-4.46
"1048","2010-12-16",1,"Diekirch",-5.75
"1049","2010-12-16",2,"Grevenmacher",-5.57
"1050","2010-12-16",3,"Luxembourg",-5.51
"1051","2010-12-17",1,"Diekirch",-1.87
"1052","2010-12-17",2,"Grevenmacher",-0.53
"1053","2010-12-17",3,"Luxembourg",-0.48
"1054","2010-12-18",1,"Diekirch",-6.46
"1055","2010-12-18",2,"Grevenmacher",-5.99
"1056","2010-12-18",3,"Luxembourg",-5.52
"1057","2010-12-19",1,"Diekirch",-3.11
"1058","2010-12-19",2,"Grevenmacher",-2.56
"1059","2010-12-19",3,"Luxembourg",-2.42
"1060","2010-12-20",1,"Diekirch",-1.2
"1061","2010-12-20",2,"Grevenmacher",1.57
"1062","2010-12-20",3,"Luxembourg",1.03
"1063","2010-12-21",1,"Diekirch",-2.2
"1064","2010-12-21",2,"Grevenmacher",-1.46
"1065","2010-12-21",3,"Luxembourg",-1.15
"1066","2010-12-22",1,"Diekirch",0.8
"1067","2010-12-22",2,"Grevenmacher",1.03
"1068","2010-12-22",3,"Luxembourg",1.17
"1069","2010-12-23",1,"Diekirch",0.82
"1070","2010-12-23",2,"Grevenmacher",1.19
"1071","2010-12-23",3,"Luxembourg",1.25
"1072","2010-12-24",1,"Diekirch",-2.35
"1073","2010-12-24",2,"Grevenmacher",-1.33
"1074","2010-12-24",3,"Luxembourg",-1.32
"1075","2010-12-25",1,"Diekirch",-6.01
"1076","2010-12-25",2,"Grevenmacher",-5.15
"1077","2010-12-25",3,"Luxembourg",-5.11
"1078","2010-12-26",1,"Diekirch",-10.95
"1079","2010-12-26",2,"Grevenmacher",-12.44
"1080","2010-12-26",3,"Luxembourg",-12.66
"1081","2010-12-27",1,"Diekirch",-2.83
"1082","2010-12-27",2,"Grevenmacher",-2.22
"1083","2010-12-27",3,"Luxembourg",-2.3
"1084","2010-12-28",1,"Diekirch",-4.11
"1085","2010-12-28",2,"Grevenmacher",-6.14
"1086","2010-12-28",3,"Luxembourg",-5.24
"1087","2010-12-29",1,"Diekirch",-0.71
"1088","2010-12-29",2,"Grevenmacher",-0.39
"1089","2010-12-29",3,"Luxembourg",-0.03
"1090","2010-12-30",1,"Diekirch",0.13
"1091","2010-12-30",2,"Grevenmacher",0.17
"1092","2010-12-30",3,"Luxembourg",0.27
"1093","2010-12-31",1,"Diekirch",-2.47
"1094","2010-12-31",2,"Grevenmacher",-1.56
"1095","2010-12-31",3,"Luxembourg",-1.11
